Channel	Created at	Product	Issue	Type	Handled
Scooby(Mobile)	2026-01-01				Bot
Scooby(Mobile)	2026-01-01	Waggel Cam Pro	Set Up		Human
Scooby(Mobile)	2026-01-01	RV Mini Cam	Connection		Human
Scooby(Mobile)	2026-01-01				Bot
Scooby(Mobile)	2026-01-01				Bot
Scooby(Mobile)	2026-01-01	PM	Temp Issue		Human
Waggle Assist(Web)	2026-01-01				Bot
Scooby(Mobile)	2026-01-01				Bot
Scooby(Mobile)	2026-01-01				Bot
Scooby(Mobile)	2026-01-01	PM	GPS Issue		Human
Scooby(Mobile)	2026-01-01				Bot
Scooby(Mobile)	2026-01-01				Bot
Waggle Assist(Web)	2026-01-01				Bot
Scooby(Mobile)	2026-01-01	RV Mini Cam	Tech Query 		Human
Waggle Assist(Web)	2026-01-01				Bot
Scooby(Mobile)	2026-01-01				Bot
Scooby(Mobile)	2026-01-01				Bot
Waggle Assist(Web)	2026-01-01	RV Mini Cam	Presales		Human
Scooby(Mobile)	2026-01-01	4g Mini Cam	Subscription Activation		Human
Waggle Assist(Web)	2026-01-01				Bot
Waggle Assist(Web)	2026-01-01				Bot
Waggle Assist(Web)	2026-01-01				Bot
Scooby(Mobile)	2026-01-01				Bot
Scooby(Mobile)	2026-01-01				Bot
Scooby(Mobile)	2026-01-02				Bot
Scooby(Mobile)	2026-01-02	PM	DNR		Human
Waggle Assist(Web)	2026-01-02				Bot
Scooby(Mobile)	2026-01-02				Bot
Scooby(Mobile)	2026-01-02				Bot
Waggle Assist(Web)	2026-01-02				Bot
Scooby(Mobile)	2026-01-02	PM	Subscription Cancellaiton		Human
Scooby(Mobile)	2026-01-02				Bot
Waggle Assist(Web)	2026-01-02	4g Mini Cam	Subscription Activation		Human
Waggle Assist(Web)	2026-01-02	PM	Subscription Cancellaiton		Human
Waggle Assist(Web)	2026-01-02				Bot
Waggle Assist(Web)	2026-01-02				Bot
Scooby(Mobile)	2026-01-02	PM	DNR		Human
Scooby(Mobile)	2026-01-02	4g Mini Cam	Subscription Activation - Combo		Human
Waggle Assist(Web)	2026-01-02				Bot
Waggle Assist(Web)	2026-01-02	4g Mini Cam	App Navigation		Human
Waggle Assist(Web)	2026-01-02				Bot
Scooby(Mobile)	2026-01-02				Bot
Scooby(Mobile)	2026-01-02	4g Mini Cam	App Navigation		Human
Scooby(Mobile)	2026-01-02	4g Mini Cam	Sound Detection		Human
Scooby(Mobile)	2026-01-02				Bot
Scooby(Mobile)	2026-01-02	PM	Tech Query 		Human
Scooby(Mobile)	2026-01-02				Bot
Scooby(Mobile)	2026-01-02	4g Mini Cam	Subscription Activation - Combo		Human
Scooby(Mobile)	2026-01-02	PM	Turning On		Human
Scooby(Mobile)	2026-01-02				Bot
Scooby(Mobile)	2026-01-02				Bot
Scooby(Mobile)	2026-01-03				Bot
Waggle Assist(Web)	2026-01-03	PM	DNR		Human
Scooby(Mobile)	2026-01-03	PM	DNR		Human
Scooby(Mobile)	2026-01-03	PM	App Navigation		Human
Scooby(Mobile)	2026-01-03	PM	Order Status		Human
Scooby(Mobile)	2026-01-03				Bot
Scooby(Mobile)	2026-01-03				Bot
Waggle Assist(Web)	2026-01-03	PM	False Power Loss		Human
Scooby(Mobile)	2026-01-03				Bot
Waggle Assist(Web)	2026-01-03	PM	DNR		Human
Scooby(Mobile)	2026-01-03	PM	Temp Issue		Human
Scooby(Mobile)	2026-01-03				Bot
Scooby(Mobile)	2026-01-03				Bot
Waggle Assist(Web)	2026-01-03	4g Mini Cam	Set Up		Human
Scooby(Mobile)	2026-01-03				Bot
Scooby(Mobile)	2026-01-03				Bot
Scooby(Mobile)	2026-01-03				Bot
Scooby(Mobile)	2026-01-03				Bot
Scooby(Mobile)	2026-01-03				Bot
Waggle Assist(Web)	2026-01-03				Bot
Waggle Assist(Web)	2026-01-03	PM	Login Issue		Human
Waggle Assist(Web)	2026-01-03				Bot
Waggle Assist(Web)	2026-01-03	PM	Subscription Activation		Human
Scooby(Mobile)	2026-01-03				Bot
Waggle Assist(Web)	2026-01-03				Bot
Scooby(Mobile)	2026-01-03				Bot
Waggle Assist(Web)	2026-01-03				Bot
Scooby(Mobile)	2026-01-03				Bot
Scooby(Mobile)	2026-01-03				Bot
Waggle Assist(Web)	2026-01-03				Bot
Scooby(Mobile)	2026-01-03	PM	False Power Loss		Human
Scooby(Mobile)	2026-01-03	PM	Presales		Human
Scooby(Mobile)	2026-01-04				Bot
Scooby(Mobile)	2026-01-04				Bot
Scooby(Mobile)	2026-01-04				Bot
Scooby(Mobile)	2026-01-04				Bot
Waggle Assist(Web)	2026-01-04	PM	Accessories		Human
Scooby(Mobile)	2026-01-04				Bot
Scooby(Mobile)	2026-01-04				Bot
Scooby(Mobile)	2026-01-04				Bot
Scooby(Mobile)	2026-01-04				Bot
Waggle Assist(Web)	2026-01-04				Bot
Scooby(Mobile)	2026-01-04				Bot
Scooby(Mobile)	2026-01-04				Bot
Scooby(Mobile)	2026-01-04				Bot
Waggle Assist(Web)	2026-01-04				Bot
Scooby(Mobile)	2026-01-04				Bot
Scooby(Mobile)	2026-01-04				Bot
Waggle Assist(Web)	2026-01-04	PM	Pause Subcription		Human
Scooby(Mobile)	2026-01-04				Bot
Scooby(Mobile)	2026-01-04	PM	Accessories		Human
Scooby(Mobile)	2026-01-05				Bot
Waggle Assist(Web)	2026-01-05				Bot
Scooby(Mobile)	2026-01-05	PM	Subscription Activation		Human
Scooby(Mobile)	2026-01-05	RV Mini Cam	Connection		Human
Waggle Assist(Web)	2026-01-05	PM	Accessories		Human
Scooby(Mobile)	2026-01-05	PM	GPS Issue		Human
Scooby(Mobile)	2026-01-05				Bot
Scooby(Mobile)	2026-01-05				Bot
Scooby(Mobile)	2026-01-05				Bot
Scooby(Mobile)	2026-01-05	4g Mini Cam	Motion alerts		Human
Scooby(Mobile)	2026-01-05	4g camera	Accessories		Human
Waggle Assist(Web)	2026-01-05	4g Mini Cam	Accessories		Human
Waggle Assist(Web)	2026-01-05				Bot
Waggle Assist(Web)	2026-01-05	4g Mini Cam	Presales		Human
Scooby(Mobile)	2026-01-05				Bot
Scooby(Mobile)	2026-01-05				Bot
Waggle Assist(Web)	2026-01-05				Bot
Scooby(Mobile)	2026-01-05				Bot
Waggle Assist(Web)	2026-01-05				Bot
Scooby(Mobile)	2026-01-05				Bot
Waggle Assist(Web)	2026-01-05				Bot
Scooby(Mobile)	2026-01-05				Bot
Scooby(Mobile)	2026-01-05	Waggle Cam Pro	Registration Issue		Human
Scooby(Mobile)	2026-01-05	RV Mini Cam	Subscription Activation		Human
Scooby(Mobile)	2026-01-05				Bot
Scooby(Mobile)	2026-01-05	PM	Battery Issue		Human
Waggle Assist(Web)	2026-01-06				Bot
Waggle Assist(Web)	2026-01-06				Bot
Waggle Assist(Web)	2026-01-06				Bot
Scooby(Mobile)	2026-01-06				Bot
Waggle Assist(Web)	2026-01-06				Bot
Scooby(Mobile)	2026-01-06				Bot
Scooby(Mobile)	2026-01-06	4g Mini Cam	Sound Detection		Human
Scooby(Mobile)	2026-01-06				Bot
Scooby(Mobile)	2026-01-06				Bot
Scooby(Mobile)	2026-01-06	4g Mini Cam	Connection		Human
Scooby(Mobile)	2026-01-06	PM	DNR		Human
Waggle Assist(Web)	2026-01-06				Bot
Scooby(Mobile)	2026-01-06	4g Mini Cam	Subscription Activation - Combo		Human
Scooby(Mobile)	2026-01-06				Bot
Scooby(Mobile)	2026-01-06				Bot
Waggle Assist(Web)	2026-01-06				Bot
Waggle Assist(Web)	2026-01-06				Bot
Waggle Assist(Web)	2026-01-06	Vet Chat	Query		Human
Waggle Assist(Web)	2026-01-06				Bot
Waggle Assist(Web)	2026-01-06				Bot
Scooby(Mobile)	2026-01-06				Bot
Waggle Assist(Web)	2026-01-06				Bot
Scooby(Mobile)	2026-01-06				Bot
Scooby(Mobile)	2026-01-06				Bot
Waggle Assist(Web)	2026-01-06				Bot
Waggle Assist(Web)	2026-01-06	4g camera	Subscription query		Human
Scooby(Mobile)	2026-01-06	NA	No Reason		Human
Scooby(Mobile)	2026-01-06	RV Mini Cam	Subscription Activation		Human
Waggle Assist(Web)	2026-01-06	PM	Accessories		Human
Waggle Assist(Web)	2026-01-07				Bot
Scooby(Mobile)	2026-01-07				Bot
Scooby(Mobile)	2026-01-07				Bot
Scooby(Mobile)	2026-01-07	PM	DNR		Human
Waggle Assist(Web)	2026-01-07				Bot
Scooby(Mobile)	2026-01-07				Bot
Waggle Assist(Web)	2026-01-07				Bot
Scooby(Mobile)	2026-01-07				Bot
Scooby(Mobile)	2026-01-07				Bot
Waggle Assist(Web)	2026-01-07	PM	DNR		Human
Waggle Assist(Web)	2026-01-07	4g camera	Presales		Human
Waggle Assist(Web)	2026-01-07				Bot
Scooby(Mobile)	2026-01-07	PM	Login Issue		Human
Waggle Assist(Web)	2026-01-07				Bot
Scooby(Mobile)	2026-01-07	4g Mini Cam	Subscription Activation		Human
Scooby(Mobile)	2026-01-07				Bot
Scooby(Mobile)	2026-01-07	Waggle Cam Pro	Login Issue		Human
Waggle Assist(Web)	2026-01-07	Waggle Cam Pro	Login Issue		Human
Scooby(Mobile)	2026-01-07	Waggle Cam Pro	Presales		Human
Waggle Assist(Web)	2026-01-07	4g Mini Cam	Motion alerts		Human
Scooby(Mobile)	2026-01-07				Bot
Waggle Assist(Web)	2026-01-07				Bot
Scooby(Mobile)	2026-01-07				Bot
Scooby(Mobile)	2026-01-07				Bot
Scooby(Mobile)	2026-01-07				Bot
Scooby(Mobile)	2026-01-07				Bot
Scooby(Mobile)	2026-01-07	PM	DNR		Human
Scooby(Mobile)	2026-01-07	PM	Subscription Cancellaiton		Human
Waggle Assist(Web)	2026-01-07	PM	Presales		Human
Scooby(Mobile)	2026-01-08	PM	GPS Issue		Human
Scooby(Mobile)	2026-01-08				Bot
Waggle Assist(Web)	2026-01-08				Bot
Scooby(Mobile)	2026-01-08	Waggle Cam Pro	Presales		Human
Waggle Assist(Web)	2026-01-08	4g Mini Cam	Subscription query		Human
Waggle Assist(Web)	2026-01-08	PM	DNR		Human
Scooby(Mobile)	2026-01-08	RV Mini Cam	Subscription Cancellaiton		Human
Waggle Assist(Web)	2026-01-08				Bot
Waggle Assist(Web)	2026-01-08				Bot
Scooby(Mobile)	2026-01-08				Bot
Waggle Assist(Web)	2026-01-08	NA	No Reason		Human
Waggle Assist(Web)	2026-01-08				Bot
Scooby(Mobile)	2026-01-08	Waggle Cam Pro	Connection		Human
Waggle Assist(Web)	2026-01-08	PM	Login Issue		Human
Waggle Assist(Web)	2026-01-08				Bot
Scooby(Mobile)	2026-01-08				Bot
Scooby(Mobile)	2026-01-08				Bot
Waggle Assist(Web)	2026-01-08				Bot
Waggle Assist(Web)	2026-01-08				Bot
Waggle Assist(Web)	2026-01-08	4g Mini Cam	Login Issue		Human
Scooby(Mobile)	2026-01-08				Bot
Scooby(Mobile)	2026-01-08	PM	DNR		Human
Scooby(Mobile)	2026-01-08	RV Mini Cam	Motion alerts		Human
Scooby(Mobile)	2026-01-08	RV Mini Cam	Connection		Human
Scooby(Mobile)	2026-01-08				Bot
Scooby(Mobile)	2026-01-08				Bot
Scooby(Mobile)	2026-01-08				Bot
Scooby(Mobile)	2026-01-08				Bot
Waggle Assist(Web)	2026-01-08	4g Mini Cam	Subscription Activation		Human
Waggle Assist(Web)	2026-01-08	4g Mini Cam	Connection		Human
Waggle Assist(Web)	2026-01-09				Bot
Scooby(Mobile)	2026-01-09				Bot
Scooby(Mobile)	2026-01-09				Bot
Waggle Assist(Web)	2026-01-09				Bot
Scooby(Mobile)	2026-01-09				Bot
Waggle Assist(Web)	2026-01-09				Bot
Waggle Assist(Web)	2026-01-09	4g camera	Subscription query		Human
Scooby(Mobile)	2026-01-09	PM	App Navigation		Human
Waggle Assist(Web)	2026-01-09				Bot
Scooby(Mobile)	2026-01-09	PM	DNR		Human
Waggle Assist(Web)	2026-01-09				Bot
Scooby(Mobile)	2026-01-09				Bot
Scooby(Mobile)	2026-01-09	PM	Tech Query 		Human
Scooby(Mobile)	2026-01-09				Bot
Scooby(Mobile)	2026-01-09	4g Mini Cam	Connection		Human
Scooby(Mobile)	2026-01-09	PM	Power Recovery Not Sent		Human
Scooby(Mobile)	2026-01-09				Bot
Scooby(Mobile)	2026-01-09				Bot
Scooby(Mobile)	2026-01-09				Bot
Waggle Assist(Web)	2026-01-09				Bot
Scooby(Mobile)	2026-01-09				Bot
Scooby(Mobile)	2026-01-09				Bot
Waggle Assist(Web)	2026-01-09	PM	Login Issue		Human
Scooby(Mobile)	2026-01-09	PM	Return & refund		Human
Waggle Assist(Web)	2026-01-09	4g Mini Cam	Subscription Activation - Combo		Human
Scooby(Mobile)	2026-01-09	PM	Login Issue		Human
Scooby(Mobile)	2026-01-09				Bot
Waggle Assist(Web)	2026-01-10				Bot
Scooby(Mobile)	2026-01-10				Bot
Scooby(Mobile)	2026-01-10				Bot
Scooby(Mobile)	2026-01-10				Bot
Scooby(Mobile)	2026-01-10				Bot
Scooby(Mobile)	2026-01-10				Bot
Waggle Assist(Web)	2026-01-10				Bot
Scooby(Mobile)	2026-01-10				Bot
Scooby(Mobile)	2026-01-10				Bot
Scooby(Mobile)	2026-01-10				Bot
Scooby(Mobile)	2026-01-10	RV Mini Cam	Set Up		Human
Waggle Assist(Web)	2026-01-10				Bot
Scooby(Mobile)	2026-01-10				Bot
Scooby(Mobile)	2026-01-10				Bot
Scooby(Mobile)	2026-01-10	RV Mini Cam	Connection		Human
Waggle Assist(Web)	2026-01-10				Bot
Scooby(Mobile)	2026-01-10				Bot
Waggle Assist(Web)	2026-01-10				Bot
Waggle Assist(Web)	2026-01-10	PM	DNR		Human
Scooby(Mobile)	2026-01-10				Bot
Scooby(Mobile)	2026-01-10				Bot
Waggle Assist(Web)	2026-01-10				Bot
Waggle Assist(Web)	2026-01-10				Bot
Scooby(Mobile)	2026-01-10	RV Mini Cam	Accessories		Human
Waggle Assist(Web)	2026-01-10	PM	Presales		Human
Scooby(Mobile)	2026-01-10	Waggle Cam Pro	Treat Tosser Issue		Human
Scooby(Mobile)	2026-01-10				Bot
Waggle Assist(Web)	2026-01-10				Bot
Waggle Assist(Web)	2026-01-10	4g Mini Cam	Presales		Human
Scooby(Mobile)	2026-01-10				Bot
Scooby(Mobile)	2026-01-10	PM	DNR		Human
Waggle Assist(Web)	2026-01-10	PM	False Power Loss		Human
Scooby(Mobile)	2026-01-10	PM	DNR		Human
Scooby(Mobile)	2026-01-10				Bot
Waggle Assist(Web)	2026-01-10				Bot
Scooby(Mobile)	2026-01-10				Bot
Scooby(Mobile)	2026-01-10				Bot
Waggle Assist(Web)	2026-01-10	PM	Humidity Issue		Human
Scooby(Mobile)	2026-01-10	PM	Charging Issue		Human
Waggle Assist(Web)	2026-01-10	PM	Tech Query 		Human
Scooby(Mobile)	2026-01-10				Bot
Waggle Assist(Web)	2026-01-11				Bot
Scooby(Mobile)	2026-01-11				Bot
Waggle Assist(Web)	2026-01-11				Bot
Waggle Assist(Web)	2026-01-11	PM	Subscription Activation		Human
Scooby(Mobile)	2026-01-11	PM	Subscription Cancellaiton		Human
Waggle Assist(Web)	2026-01-11				Bot
Waggle Assist(Web)	2026-01-11				Bot
Scooby(Mobile)	2026-01-11	4g Mini Cam	Login Issue		Human
Waggle Assist(Web)	2026-01-11				Bot
Scooby(Mobile)	2026-01-11				Bot
Waggle Assist(Web)	2026-01-11				Bot
Scooby(Mobile)	2026-01-11				Bot
Waggle Assist(Web)	2026-01-11				Bot
Scooby(Mobile)	2026-01-11				Bot
Scooby(Mobile)	2026-01-11				Bot
Waggle Assist(Web)	2026-01-11				Bot
Scooby(Mobile)	2026-01-11				Bot
Scooby(Mobile)	2026-01-11				Bot
Waggle Assist(Web)	2026-01-11				Bot
Scooby(Mobile)	2026-01-11				Bot
Waggle Assist(Web)	2026-01-11				Bot
Scooby(Mobile)	2026-01-11				Bot
Waggle Assist(Web)	2026-01-11				Bot
Scooby(Mobile)	2026-01-11	RV Mini Cam	Subscription Activation		Human
Waggle Assist(Web)	2026-01-11	4g Mini Cam	Presales		Human
Waggle Assist(Web)	2026-01-11				Bot
Scooby(Mobile)	2026-01-12	PM	Subscription Cancellaiton		Human
Scooby(Mobile)	2026-01-12				Bot
Waggle Assist(Web)	2026-01-12				Bot
Scooby(Mobile)	2026-01-12	PM	Accessories		Human
Waggle Assist(Web)	2026-01-12				Bot
Scooby(Mobile)	2026-01-12				Bot
Scooby(Mobile)	2026-01-12	RV Mini Cam	Connection		Human
Scooby(Mobile)	2026-01-12	Waggle Cam Pro	Squeaky Sound		Human
Scooby(Mobile)	2026-01-12				Bot
Waggle Assist(Web)	2026-01-12				Bot
Scooby(Mobile)	2026-01-12	RV Mini Cam	Connection		Human
Scooby(Mobile)	2026-01-12				Bot
Waggle Assist(Web)	2026-01-12				Bot
Scooby(Mobile)	2026-01-12	PM	Temp Issue		Human
Waggle Assist(Web)	2026-01-12				Bot
Waggle Assist(Web)	2026-01-12				Bot
Scooby(Mobile)	2026-01-12				Bot
Scooby(Mobile)	2026-01-12	4g Mini Cam	Subscription Activation - Combo		Human
Waggle Assist(Web)	2026-01-12	PM	Turning On		Human
Scooby(Mobile)	2026-01-12				Bot
Waggle Assist(Web)	2026-01-12				Bot
Waggle Assist(Web)	2026-01-12				Bot
Scooby(Mobile)	2026-01-12				Bot
Waggle Assist(Web)	2026-01-12				Bot
Scooby(Mobile)	2026-01-12	PM	Replcement Set Up		Human
Scooby(Mobile)	2026-01-12				Bot
Waggle Assist(Web)	2026-01-12	RV Mini Cam	Connection		Human
Waggle Assist(Web)	2026-01-12				Bot
Scooby(Mobile)	2026-01-12				Bot
Scooby(Mobile)	2026-01-13	PM	DNR		Human
Scooby(Mobile)	2026-01-13				Bot
Scooby(Mobile)	2026-01-13				Bot
Scooby(Mobile)	2026-01-13	RV Mini Cam	Connection		Human
Waggle Assist(Web)	2026-01-13	PM	Presales		Human
Scooby(Mobile)	2026-01-13				Bot
Scooby(Mobile)	2026-01-13				Bot
Waggle Assist(Web)	2026-01-13				Bot
Waggle Assist(Web)	2026-01-13	PM	Tech Query 		Human
Scooby(Mobile)	2026-01-13	RV Mini Cam	Connection		Human
Scooby(Mobile)	2026-01-13				Bot
Scooby(Mobile)	2026-01-13				Bot
Scooby(Mobile)	2026-01-13				Bot
Scooby(Mobile)	2026-01-13	Waggel Cam Pro	Connection		Human
Scooby(Mobile)	2026-01-13				Bot
Scooby(Mobile)	2026-01-13	PM	Login Issue		Human
Waggle Assist(Web)	2026-01-13	PM	Profile - Dog Breed		Human
Scooby(Mobile)	2026-01-13				Bot
Scooby(Mobile)	2026-01-13	PM	Subscription Activation		Human
Scooby(Mobile)	2026-01-13	PM	Subscription Activation		Human
Scooby(Mobile)	2026-01-13				Bot
Scooby(Mobile)	2026-01-13	4g camera	Presales		Human
Waggle Assist(Web)	2026-01-14	PM	Subscription Cancellaiton		Human
Scooby(Mobile)	2026-01-14	PM	DNR		Human
Waggle Assist(Web)	2026-01-14				Bot
Scooby(Mobile)	2026-01-14				Bot
Scooby(Mobile)	2026-01-14	PM	Registration Issue		Human
Waggle Assist(Web)	2026-01-14	PM	DNR		Human
Scooby(Mobile)	2026-01-14				Bot
Scooby(Mobile)	2026-01-14	PM	DNR		Human
Scooby(Mobile)	2026-01-14	RV Mini Cam	Connection		Human
Waggle Assist(Web)	2026-01-14				Bot
Scooby(Mobile)	2026-01-14				Bot
Waggle Assist(Web)	2026-01-14	4g Mini Cam	Subscription Activation		Human
Scooby(Mobile)	2026-01-14				Bot
Scooby(Mobile)	2026-01-14				Bot
Scooby(Mobile)	2026-01-14	PM	DNR		Human
Scooby(Mobile)	2026-01-14				Bot
Scooby(Mobile)	2026-01-14				Bot
Scooby(Mobile)	2026-01-15	PM	DNR		Human
Waggle Assist(Web)	2026-01-15				Bot
Waggle Assist(Web)	2026-01-15	4g camera	Connection		Human
Waggle Assist(Web)	2026-01-15	PM	Presales		Human
Scooby(Mobile)	2026-01-15				Bot
Waggle Assist(Web)	2026-01-15	PM	Battery Issue		Human
Waggle Assist(Web)	2026-01-15				Bot
Scooby(Mobile)	2026-01-15	Waggle Cam Pro	Connection		Human
Waggle Assist(Web)	2026-01-15	RV Mini Cam	Tech Query 		Human
Waggle Assist(Web)	2026-01-15	PM	Subscription query		Human
Waggle Assist(Web)	2026-01-15	PM	Subscription Activation		Human
Waggle Assist(Web)	2026-01-15	Waggel Insurance	Waggel Insurance		Human
Scooby(Mobile)	2026-01-15				Bot
Waggle Assist(Web)	2026-01-15	PM	Subscription Activation		Human
Scooby(Mobile)	2026-01-15	PM	DNR		Human
Scooby(Mobile)	2026-01-15	4g Mini Cam	Connection		Human
Scooby(Mobile)	2026-01-15				Bot
Scooby(Mobile)	2026-01-15	PM	DNR		Human
Scooby(Mobile)	2026-01-15	PM	Subscription Mapping Issue		Human
Scooby(Mobile)	2026-01-15	4g Mini Cam	Noise Issue		Human
Scooby(Mobile)	2026-01-16				Bot
Scooby(Mobile)	2026-01-16	NA	No Reason		Human
Waggle Assist(Web)	2026-01-16				Bot
Scooby(Mobile)	2026-01-16	PM	DNR		Human
Scooby(Mobile)	2026-01-16	RV Mini Cam	Multiple Login		Human
Waggle Assist(Web)	2026-01-16	4g Mini Cam	Connection		Human
Waggle Assist(Web)	2026-01-16	4g camera	Return & refund		Human
Scooby(Mobile)	2026-01-16				Bot
Scooby(Mobile)	2026-01-16	Waggle Cam Pro	Subscription query		Human
Waggle Assist(Web)	2026-01-16				Bot
Waggle Assist(Web)	2026-01-16	PM	Subscription Activation		Human
Waggle Assist(Web)	2026-01-16				Bot
Scooby(Mobile)	2026-01-16	PM	DNR		Human
Scooby(Mobile)	2026-01-16				Bot
Waggle Assist(Web)	2026-01-16				Bot
Waggle Assist(Web)	2026-01-16				Bot
Scooby(Mobile)	2026-01-16				Bot
Scooby(Mobile)	2026-01-16	4g Mini Cam	Connection		Human
Waggle Assist(Web)	2026-01-16				Bot
Scooby(Mobile)	2026-01-16				Bot
Scooby(Mobile)	2026-01-16				Bot
Waggle Assist(Web)	2026-01-16				Bot
Scooby(Mobile)	2026-01-16				Bot
Waggle Assist(Web)	2026-01-16				Bot
Waggle Assist(Web)	2026-01-16	4g Mini Cam	Battery Issue		Human
Waggle Assist(Web)	2026-01-16				Bot
Waggle Assist(Web)	2026-01-16				Bot
Scooby(Mobile)	2026-01-16	PM	DNR		Human
Waggle Assist(Web)	2026-01-16	PM	Subscription Cancellaiton		Human
Scooby(Mobile)	2026-01-16				Bot
Waggle Assist(Web)	2026-01-16				Bot
Scooby(Mobile)	2026-01-16	4g Mini Cam	App Navigation		Human
Scooby(Mobile)	2026-01-16	PM	DNR		Human
Waggle Assist(Web)	2026-01-16				Bot
Scooby(Mobile)	2026-01-16				Bot
Scooby(Mobile)	2026-01-16	4g Mini Cam	Subscription Mapping Issue		Human
Scooby(Mobile)	2026-01-16				Bot
Waggle Assist(Web)	2026-01-16				Bot
Waggle Assist(Web)	2026-01-16				Bot
Waggle Assist(Web)	2026-01-16				Bot
Waggle Assist(Web)	2026-01-16				Bot
Scooby(Mobile)	2026-01-16				Bot
Waggle Assist(Web)	2026-01-16				Bot
Scooby(Mobile)	2026-01-16				Bot
Scooby(Mobile)	2026-01-17				Bot
Waggle Assist(Web)	2026-01-17				Bot
Scooby(Mobile)	2026-01-17				Bot
Scooby(Mobile)	2026-01-17				Bot
Waggle Assist(Web)	2026-01-17				Bot
Scooby(Mobile)	2026-01-17	PM	DNR		Human
Scooby(Mobile)	2026-01-17				Bot
Scooby(Mobile)	2026-01-17	PM	Subscription Activation		Human
Waggle Assist(Web)	2026-01-17	4g Mini Cam	Tech Query 		Human
Waggle Assist(Web)	2026-01-17				Bot
Scooby(Mobile)	2026-01-17				Bot
Scooby(Mobile)	2026-01-17				Bot
Waggle Assist(Web)	2026-01-17				Bot
Scooby(Mobile)	2026-01-17				Bot
Waggle Assist(Web)	2026-01-17				Bot
Scooby(Mobile)	2026-01-17				Bot
Scooby(Mobile)	2026-01-17				Bot
Waggle Assist(Web)	2026-01-17				Bot
Scooby(Mobile)	2026-01-17				Bot
Scooby(Mobile)	2026-01-17				Bot
Scooby(Mobile)	2026-01-17	PM	DNR		Human
Waggle Assist(Web)	2026-01-17	4g camera	Presales		Human
Scooby(Mobile)	2026-01-17	RV Mini Cam	Connection		Human
Scooby(Mobile)	2026-01-17				Bot
Waggle Assist(Web)	2026-01-17				Bot
Scooby(Mobile)	2026-01-17				Bot
Scooby(Mobile)	2026-01-17				Bot
Waggle Assist(Web)	2026-01-17				Bot
Scooby(Mobile)	2026-01-17	PM	App Issue		Human
Scooby(Mobile)	2026-01-17	PM	Registration Issue		Human
Scooby(Mobile)	2026-01-17				Bot
Waggle Assist(Web)	2026-01-17				Bot
Waggle Assist(Web)	2026-01-17				Bot
Waggle Assist(Web)	2026-01-17	PM	Subscription Cancellaiton		Human
Waggle Assist(Web)	2026-01-18				Bot
Waggle Assist(Web)	2026-01-18	PM	Referral Query		Human
Waggle Assist(Web)	2026-01-18				Bot
Scooby(Mobile)	2026-01-18				Bot
Waggle Assist(Web)	2026-01-18				Bot
Waggle Assist(Web)	2026-01-18				Bot
Waggle Assist(Web)	2026-01-18	PM	Subscription Cancellaiton		Human
Scooby(Mobile)	2026-01-18				Bot
Scooby(Mobile)	2026-01-18				Bot
Waggle Assist(Web)	2026-01-18				Bot
Waggle Assist(Web)	2026-01-18	PM	Tech Query 		Human
Waggle Assist(Web)	2026-01-18				Bot
Waggle Assist(Web)	2026-01-18	PM	Subscription Cancellaiton		Human
Waggle Assist(Web)	2026-01-18				Bot
Scooby(Mobile)	2026-01-18				Bot
Waggle Assist(Web)	2026-01-18	Waggle Cam Pro	Device Removal		Human
Scooby(Mobile)	2026-01-18	PM	Subscription Activation - Combo		Human
Waggle Assist(Web)	2026-01-18	PM	Accessories		Human
Scooby(Mobile)	2026-01-18				Bot
Scooby(Mobile)	2026-01-18				Bot
Waggle Assist(Web)	2026-01-18				Bot
Waggle Assist(Web)	2026-01-18				Bot
Scooby(Mobile)	2026-01-18	PM	DNR		Human
Scooby(Mobile)	2026-01-18				Bot
Scooby(Mobile)	2026-01-18				Bot
Waggle Assist(Web)	2026-01-18				Bot
Waggle Assist(Web)	2026-01-18	4g Mini Cam	Tech Query 		Human
Scooby(Mobile)	2026-01-18				Bot
Scooby(Mobile)	2026-01-19	4g Mini Cam	Set Up		Human
Scooby(Mobile)	2026-01-19	4g Mini Cam	Registration Issue		Human
Waggle Assist(Web)	2026-01-19				Bot
Scooby(Mobile)	2026-01-19				Bot
Scooby(Mobile)	2026-01-19				Bot
Waggle Assist(Web)	2026-01-19				Bot
Scooby(Mobile)	2026-01-19	PM	DNR		Human
Waggle Assist(Web)	2026-01-19	PM	Device Query		Human
Scooby(Mobile)	2026-01-19				Bot
Scooby(Mobile)	2026-01-19				Bot
Scooby(Mobile)	2026-01-19				Bot
Waggle Assist(Web)	2026-01-19				Bot
Waggle Assist(Web)	2026-01-19	PM	Accessories		Human
Scooby(Mobile)	2026-01-19				Bot
Waggle Assist(Web)	2026-01-19				Bot
Waggle Assist(Web)	2026-01-19				Bot
Waggle Assist(Web)	2026-01-19				Bot
Scooby(Mobile)	2026-01-19				Bot
Scooby(Mobile)	2026-01-19	PM	Subscription Cancellaiton		Human
Scooby(Mobile)	2026-01-19				Bot
Scooby(Mobile)	2026-01-19	NA	No Reason		Human
Scooby(Mobile)	2026-01-19				Bot
Scooby(Mobile)	2026-01-19				Bot
Waggle Assist(Web)	2026-01-19				Bot
Scooby(Mobile)	2026-01-19	RV Mini Cam	Device Query		Human
Scooby(Mobile)	2026-01-19				Bot
Waggle Assist(Web)	2026-01-19	PM	Turning On		Human
Scooby(Mobile)	2026-01-19				Bot
Scooby(Mobile)	2026-01-19				Bot
Waggle Assist(Web)	2026-01-19	PM	Login Query		Human
Waggle Assist(Web)	2026-01-19				Bot
Scooby(Mobile)	2026-01-20				Bot
Waggle Assist(Web)	2026-01-20				Bot
Scooby(Mobile)	2026-01-20				Bot
Waggle Assist(Web)	2026-01-20				Bot
Scooby(Mobile)	2026-01-20	4g Mini Cam	App Navigation		Human
Waggle Assist(Web)	2026-01-20				Bot
Scooby(Mobile)	2026-01-20				Bot
Waggle Assist(Web)	2026-01-20	RV Mini Cam	Presales		Human
Scooby(Mobile)	2026-01-20	PM	DNR		Human
Waggle Assist(Web)	2026-01-20				Bot
Waggle Assist(Web)	2026-01-20				Bot
Scooby(Mobile)	2026-01-20				Bot
Scooby(Mobile)	2026-01-20	4g Mini Cam	Subscription Activation		Human
Waggle Assist(Web)	2026-01-20	PM	DNR		Human
Scooby(Mobile)	2026-01-20				Bot
Waggle Assist(Web)	2026-01-20				Bot
Scooby(Mobile)	2026-01-20	PM	Registration Issue		Human
Scooby(Mobile)	2026-01-20	RV Mini Cam	Device Removal		Human
Scooby(Mobile)	2026-01-20	PM	Charging Issue		Human
Scooby(Mobile)	2026-01-20				Bot
Scooby(Mobile)	2026-01-20	4g camera	Device Query		Human
Waggle Assist(Web)	2026-01-20				Bot
Scooby(Mobile)	2026-01-20				Bot
Scooby(Mobile)	2026-01-20				Bot
Scooby(Mobile)	2026-01-20				Bot
Scooby(Mobile)	2026-01-20				Bot
Waggle Assist(Web)	2026-01-21				Bot
Waggle Assist(Web)	2026-01-21				Bot
Waggle Assist(Web)	2026-01-21				Bot
Scooby(Mobile)	2026-01-21				Bot
Scooby(Mobile)	2026-01-21				Bot
Waggle Assist(Web)	2026-01-21	PM	Order Status		Human
Scooby(Mobile)	2026-01-21				Bot
Waggle Assist(Web)	2026-01-21				Bot
Waggle Assist(Web)	2026-01-21	PM	Device Query		Human
Waggle Assist(Web)	2026-01-21				Bot
Waggle Assist(Web)	2026-01-21				Bot
Scooby(Mobile)	2026-01-21				Bot
Waggle Assist(Web)	2026-01-21	PM	Charging Issue		Human
Scooby(Mobile)	2026-01-21				Bot
Scooby(Mobile)	2026-01-21				Bot
Waggle Assist(Web)	2026-01-21				Bot
Waggle Assist(Web)	2026-01-21				Bot
Scooby(Mobile)	2026-01-21				Bot
Scooby(Mobile)	2026-01-21	Waggle Smart Sensor	Connection		Human
Scooby(Mobile)	2026-01-21	PM	DNR		Human
Scooby(Mobile)	2026-01-21	PM	Subscription Cancellaiton		Human
Scooby(Mobile)	2026-01-21				Bot
Scooby(Mobile)	2026-01-21				Bot
Waggle Assist(Web)	2026-01-21				Bot
Waggle Assist(Web)	2026-01-21				Bot
Scooby(Mobile)	2026-01-21	4g Mini Cam	Device Query		Human
Waggle Assist(Web)	2026-01-21				Bot
Scooby(Mobile)	2026-01-21				Bot
Waggle Assist(Web)	2026-01-21	NA	No Reason		Human
Scooby(Mobile)	2026-01-22	PM	DNR		Human
Waggle Assist(Web)	2026-01-22	PM	Subscription Cancellaiton		Human
Scooby(Mobile)	2026-01-22				Bot
Scooby(Mobile)	2026-01-22				Bot
Scooby(Mobile)	2026-01-22	PM	Profile - Dog Breed		Human
Scooby(Mobile)	2026-01-22				Bot
Waggle Assist(Web)	2026-01-22				Bot
Scooby(Mobile)	2026-01-22				Bot
Scooby(Mobile)	2026-01-22				Bot
Scooby(Mobile)	2026-01-22				Bot
Scooby(Mobile)	2026-01-22				Bot
Scooby(Mobile)	2026-01-22				Bot
Waggle Assist(Web)	2026-01-22				Bot
Scooby(Mobile)	2026-01-22	4g Mini Cam	Device Removal		Human
Scooby(Mobile)	2026-01-22				Bot
Scooby(Mobile)	2026-01-22				Bot
Waggle Assist(Web)	2026-01-22	PM	Upgrade		Human
Scooby(Mobile)	2026-01-22	PM	DNR		Human
Waggle Assist(Web)	2026-01-22	4g camera	Subscription Activation		Human
Scooby(Mobile)	2026-01-22	PM	Subscription Activation		Human
Waggle Assist(Web)	2026-01-22				Bot
Waggle Assist(Web)	2026-01-22				Bot
Waggle Assist(Web)	2026-01-22				Bot
Waggle Assist(Web)	2026-01-22				Bot
Scooby(Mobile)	2026-01-23	PM	Subscription Activation		Human
Waggle Assist(Web)	2026-01-23				Bot
Scooby(Mobile)	2026-01-23	PM	Flexi Plan Confusion		Human
Scooby(Mobile)	2026-01-23				Bot
Waggle Assist(Web)	2026-01-23	PM	Presales		Human
Scooby(Mobile)	2026-01-23	4g Mini Cam	Connection		Human
Scooby(Mobile)	2026-01-23	PM	Text Alerts Exhausted		Human
Scooby(Mobile)	2026-01-23	Waggle Smart Sensor	Connection		Human
Waggle Assist(Web)	2026-01-23				Bot
Scooby(Mobile)	2026-01-23	RV Mini Cam	Multiple Login		Human
Scooby(Mobile)	2026-01-23	RV Mini Cam	Multiple Login		Human
Scooby(Mobile)	2026-01-23				Bot
Waggle Assist(Web)	2026-01-23				Bot
Waggle Assist(Web)	2026-01-23				Bot
Scooby(Mobile)	2026-01-23				Bot
Scooby(Mobile)	2026-01-23				Bot
Scooby(Mobile)	2026-01-23				Bot
Waggle Assist(Web)	2026-01-23				Bot
Scooby(Mobile)	2026-01-23	PM	Display Issue		Human
Scooby(Mobile)	2026-01-23	PM	Replcement Set Up		Human
Waggle Assist(Web)	2026-01-23				Bot
Waggle Assist(Web)	2026-01-23	4g Mini Cam	Presales		Human
Waggle Assist(Web)	2026-01-23				Bot
Scooby(Mobile)	2026-01-23	PM	Subscription Activation		Human
Waggle Assist(Web)	2026-01-23				Bot
Scooby(Mobile)	2026-01-23	RV Mini Cam	Subscription Activation		Human
Scooby(Mobile)	2026-01-23				Bot
Scooby(Mobile)	2026-01-23	PM	Subscription Cancellaiton		Human
Scooby(Mobile)	2026-01-23				Bot
Waggle Assist(Web)	2026-01-23				Bot
Scooby(Mobile)	2026-01-23	PM	False Power Loss		Human
Scooby(Mobile)	2026-01-23				Bot
Scooby(Mobile)	2026-01-23				Bot
Waggle Assist(Web)	2026-01-23	PM	Device Query		Human
Waggle Assist(Web)	2026-01-23	PM	Presales		Human
Waggle Assist(Web)	2026-01-23				Bot
Scooby(Mobile)	2026-01-23	PM	DNR		Human
Scooby(Mobile)	2026-01-23				Bot
Scooby(Mobile)	2026-01-23				Bot
Scooby(Mobile)	2026-01-23				Bot
Scooby(Mobile)	2026-01-24				Bot
Waggle Assist(Web)	2026-01-24	PM	App Navigation		Human
Scooby(Mobile)	2026-01-24	PM	Temp Issue		Human
Scooby(Mobile)	2026-01-24	4g camera	Connection		Human
Scooby(Mobile)	2026-01-24				Bot
Scooby(Mobile)	2026-01-24	Waggel Cam Pro	Motion alerts		Human
Scooby(Mobile)	2026-01-24	PM	DNR		Human
Scooby(Mobile)	2026-01-24				Bot
Scooby(Mobile)	2026-01-24	PM	Temp Issue		Human
Scooby(Mobile)	2026-01-24				Bot
Scooby(Mobile)	2026-01-24	PM	DNR		Human
Scooby(Mobile)	2026-01-24	PM	DNR		Human
Waggle Assist(Web)	2026-01-24	PM	DNR		Human
Scooby(Mobile)	2026-01-24				Bot
Waggle Assist(Web)	2026-01-24				Bot
Scooby(Mobile)	2026-01-24				Bot
Scooby(Mobile)	2026-01-24	PM	App Navigation		Human
Waggle Assist(Web)	2026-01-24				Bot
Waggle Assist(Web)	2026-01-24				Bot
Scooby(Mobile)	2026-01-24				Bot
Scooby(Mobile)	2026-01-24	4g Mini Cam	App Navigation		Human
Scooby(Mobile)	2026-01-24				Bot
Scooby(Mobile)	2026-01-24				Bot
Waggle Assist(Web)	2026-01-24				Bot
Waggle Assist(Web)	2026-01-24				Bot
Scooby(Mobile)	2026-01-24	4g Mini Cam	Subscription Mapping Issue		Human
Scooby(Mobile)	2026-01-24				Bot
Scooby(Mobile)	2026-01-24				Bot
Waggle Assist(Web)	2026-01-24	PM	Subscription query		Human
Waggle Assist(Web)	2026-01-24				Bot
Waggle Assist(Web)	2026-01-25				Bot
Scooby(Mobile)	2026-01-25	4g Mini Cam	Turning On		Human
Scooby(Mobile)	2026-01-25	4g Mini Cam	Subscription Activation - Combo		Human
Waggle Assist(Web)	2026-01-25	PM	Battery Issue		Human
Scooby(Mobile)	2026-01-25				Bot
Waggle Assist(Web)	2026-01-25	4g Mini Cam	Return & refund		Human
Scooby(Mobile)	2026-01-25	RV Mini Cam	Registration Issue		Human
Waggle Assist(Web)	2026-01-25				Bot
Waggle Assist(Web)	2026-01-25	4g Mini Cam	Presales		Human
Waggle Assist(Web)	2026-01-25	PM	Order Status		Human
Scooby(Mobile)	2026-01-25	PM	DNR		Human
Scooby(Mobile)	2026-01-25	PM	DNR		Human
Scooby(Mobile)	2026-01-25				Bot
Waggle Assist(Web)	2026-01-25				Bot
Waggle Assist(Web)	2026-01-25	4g Mini Cam	Subscription Activation		Human
Scooby(Mobile)	2026-01-25	PM	DNR		Human
Scooby(Mobile)	2026-01-25				Bot
Scooby(Mobile)	2026-01-25	PM	DNR		Human
Scooby(Mobile)	2026-01-25				Bot
Waggle Assist(Web)	2026-01-25	4g camera	Connection		Human
Scooby(Mobile)	2026-01-25	PM	Accessories		Human
Waggle Assist(Web)	2026-01-25				Bot
Waggle Assist(Web)	2026-01-25				Bot
Scooby(Mobile)	2026-01-26				Bot
Scooby(Mobile)	2026-01-26				Bot
Scooby(Mobile)	2026-01-26				Bot
Scooby(Mobile)	2026-01-26				Bot
Waggle Assist(Web)	2026-01-26				Bot
Waggle Assist(Web)	2026-01-26				Bot
Waggle Assist(Web)	2026-01-26	Vet Chat	Query		Human
Scooby(Mobile)	2026-01-26				Bot
Scooby(Mobile)	2026-01-26				Bot
Waggle Assist(Web)	2026-01-26	PM	Presales		Human
Waggle Assist(Web)	2026-01-26				Bot
Scooby(Mobile)	2026-01-26				Bot
Scooby(Mobile)	2026-01-26				Bot
Scooby(Mobile)	2026-01-26				Bot
Waggle Assist(Web)	2026-01-26				Bot
Scooby(Mobile)	2026-01-26	PM	Subscription Mapping Issue		Human
Scooby(Mobile)	2026-01-26				Bot
Scooby(Mobile)	2026-01-26	PM	DNR		Human
Waggle Assist(Web)	2026-01-26				Bot
Scooby(Mobile)	2026-01-26				Bot
Waggle Assist(Web)	2026-01-26	PM	Presales		Human
Waggle Assist(Web)	2026-01-26	4g Mini Cam	Presales		Human
Scooby(Mobile)	2026-01-26	PM	Turning On		Human
Scooby(Mobile)	2026-01-27				Bot
Waggle Assist(Web)	2026-01-27				Bot
Scooby(Mobile)	2026-01-27				Bot
Waggle Assist(Web)	2026-01-27				Bot
Scooby(Mobile)	2026-01-27				Bot
Scooby(Mobile)	2026-01-27				Bot
Scooby(Mobile)	2026-01-27	PM	DNR		Human
Scooby(Mobile)	2026-01-27	4g Mini Cam	Device Query		Human
Scooby(Mobile)	2026-01-27	PM	Accessories		Human
Waggle Assist(Web)	2026-01-27	PM	Subscription Cancellaiton		Human
Waggle Assist(Web)	2026-01-27				Bot
Scooby(Mobile)	2026-01-27	4g Mini Cam	Referral Query		Human
Scooby(Mobile)	2026-01-27	PM	DNR		Human
Scooby(Mobile)	2026-01-27				Bot
Waggle Assist(Web)	2026-01-27				Bot
Scooby(Mobile)	2026-01-27				Bot
Scooby(Mobile)	2026-01-27	PM	Device Removal		Human
Waggle Assist(Web)	2026-01-27				Bot
Scooby(Mobile)	2026-01-27	PM	DNR		Human
Scooby(Mobile)	2026-01-27	PM	DNR		Human
Waggle Assist(Web)	2026-01-27	PM	Presales		Human
Scooby(Mobile)	2026-01-27				Bot
Scooby(Mobile)	2026-01-27				Bot
Waggle Assist(Web)	2026-01-27				Bot
Scooby(Mobile)	2026-01-27				Bot
Waggle Assist(Web)	2026-01-27				Bot
Waggle Assist(Web)	2026-01-27	RV Mini Cam	Connection		Human
Scooby(Mobile)	2026-01-27				Bot
Scooby(Mobile)	2026-01-27	4g Mini Cam	Subscription Activation		Human
Waggle Assist(Web)	2026-01-27				Bot
Waggle Assist(Web)	2026-01-28	4g Mini Cam	Presales		Human
Scooby(Mobile)	2026-01-28				Bot
Waggle Assist(Web)	2026-01-28				Bot
Waggle Assist(Web)	2026-01-28	RV Mini Cam	Presales		Human
Waggle Assist(Web)	2026-01-28	PM	Device Query		Human
Waggle Assist(Web)	2026-01-28	PM	Presales		Human
Scooby(Mobile)	2026-01-28				Bot
Scooby(Mobile)	2026-01-28				Bot
Waggle Assist(Web)	2026-01-28				Bot
Waggle Assist(Web)	2026-01-28				Bot
Waggle Assist(Web)	2026-01-28				Bot
Scooby(Mobile)	2026-01-28	RV Mini Cam	Connection		Human
Scooby(Mobile)	2026-01-28				Bot
Waggle Assist(Web)	2026-01-28				Bot
Scooby(Mobile)	2026-01-28				Bot
Scooby(Mobile)	2026-01-28				Bot
Scooby(Mobile)	2026-01-28				Bot
Scooby(Mobile)	2026-01-28				Bot
Waggle Assist(Web)	2026-01-28				Bot
Scooby(Mobile)	2026-01-28	PM	Login Issue		Human
Scooby(Mobile)	2026-01-28				Bot
Scooby(Mobile)	2026-01-28				Bot
Waggle Assist(Web)	2026-01-28	PM	DNR		Human
Waggle Assist(Web)	2026-01-28	RV Mini Cam	Presales		Human
Scooby(Mobile)	2026-01-28				Bot
Scooby(Mobile)	2026-01-28				Bot
Waggle Assist(Web)	2026-01-28	Waggel Cam Pro	Connection		Human
Scooby(Mobile)	2026-01-29				Bot
Waggle Assist(Web)	2026-01-29				Bot
Scooby(Mobile)	2026-01-29				Bot
Scooby(Mobile)	2026-01-29				Bot
Waggle Assist(Web)	2026-01-29				Bot
Scooby(Mobile)	2026-01-29	4g Mini Cam	Connection		Human
Scooby(Mobile)	2026-01-29	Waggel Insurance	Waggel Insurance		Human
Scooby(Mobile)	2026-01-29				Bot
Waggle Assist(Web)	2026-01-29				Bot
Scooby(Mobile)	2026-01-29	PM	DNR		Human
Waggle Assist(Web)	2026-01-29	4g Mini Cam	Presales		Human
Scooby(Mobile)	2026-01-29				Bot
Scooby(Mobile)	2026-01-29	PM	DNR		Human
Waggle Assist(Web)	2026-01-29				Bot
Scooby(Mobile)	2026-01-29				Bot
Waggle Assist(Web)	2026-01-29	4g Mini Cam	Subscription Activation		Human
Scooby(Mobile)	2026-01-29				Bot
Scooby(Mobile)	2026-01-29				Bot
Waggle Assist(Web)	2026-01-29				Bot
Scooby(Mobile)	2026-01-30				Bot
Waggle Assist(Web)	2026-01-30				Bot
Waggle Assist(Web)	2026-01-30				Bot
Scooby(Mobile)	2026-01-30	PM	Subscription Activation		Human
Waggle Assist(Web)	2026-01-30				Bot
Waggle Assist(Web)	2026-01-30				Bot
Scooby(Mobile)	2026-01-30				Bot
Waggle Assist(Web)	2026-01-30	PM	App Navigation		Human
Waggle Assist(Web)	2026-01-30				Bot
Waggle Assist(Web)	2026-01-30	PM	Presales		Human
Waggle Assist(Web)	2026-01-30				Bot
Scooby(Mobile)	2026-01-30				Bot
Scooby(Mobile)	2026-01-30				Bot
Scooby(Mobile)	2026-01-30				Bot
Scooby(Mobile)	2026-01-30				Bot
Scooby(Mobile)	2026-01-30	PM	Subscription Activation		Human
Waggle Assist(Web)	2026-01-30				Bot
Scooby(Mobile)	2026-01-30				Bot
Waggle Assist(Web)	2026-01-30				Bot
Waggle Assist(Web)	2026-01-30	PM	Login Issue		Human
Scooby(Mobile)	2026-01-30	PM	Subscription Cancellaiton		Human
Waggle Assist(Web)	2026-01-30				Bot
Waggle Assist(Web)	2026-01-30				Bot
Waggle Assist(Web)	2026-01-30	PM	Subscription Cancellaiton		Human
Scooby(Mobile)	2026-01-30	Waggle Cam Pro	Connection		Human
Scooby(Mobile)	2026-01-31	PM	Flexi Plan Confusion		Human
Scooby(Mobile)	2026-01-31	PM	DNR		Human
Waggle Assist(Web)	2026-01-31	RV Mini Cam	Subscription Activation		Human
Scooby(Mobile)	2026-01-31	PM	Subscription Cancellaiton		Human
Waggle Assist(Web)	2026-01-31	4g Mini Cam	order related		Human
Scooby(Mobile)	2026-01-31	PM	DNR		Human
Waggle Assist(Web)	2026-01-31				Bot
Scooby(Mobile)	2026-01-31	PM	DNR		Human
Scooby(Mobile)	2026-01-31	PM	DNR		Human
Waggle Assist(Web)	2026-01-31				Bot
Scooby(Mobile)	2026-01-31	PM	DNR		Human
Scooby(Mobile)	2026-01-31	PM	DNR		Human
Scooby(Mobile)	2026-01-31	PM	DNR		Human
Waggle Assist(Web)	2026-01-31	PM	Subscription Activation - Combo		Human