Channel,Created at,Product,Issue,Sub Type,Handled
Inapp,2026-01-01,,,,Bot
Inapp,2026-01-01,Waggel Cam Pro,Set Up,,Human
Inapp,2026-01-01,RV Mini Cam,Connection,,Human
Inapp,2026-01-01,,,,Bot
Inapp,2026-01-01,,,,Bot
Inapp,2026-01-01,PM,Temp Issue,,Human
Webapp,2026-01-01,,,,Bot
Inapp,2026-01-01,,,,Bot
Inapp,2026-01-01,,,,Bot
Inapp,2026-01-01,PM,GPS Issue,,Human
Inapp,2026-01-01,,,,Bot
Inapp,2026-01-01,,,,Bot
Webapp,2026-01-01,,,,Bot
Inapp,2026-01-01,RV Mini Cam,Tech Query ,,Human
Webapp,2026-01-01,,,,Bot
Inapp,2026-01-01,,,,Bot
Inapp,2026-01-01,,,,Bot
Webapp,2026-01-01,RV Mini Cam,Presales,,Human
Inapp,2026-01-01,4g Mini Cam,Subscription Activation,,Human
Webapp,2026-01-01,,,,Bot
Webapp,2026-01-01,,,,Bot
Webapp,2026-01-01,,,,Bot
Inapp,2026-01-01,,,,Bot
Inapp,2026-01-01,,,,Bot
Inapp,2026-01-02,,,,Bot
Inapp,2026-01-02,PM,DNR,,Human
Webapp,2026-01-02,,,,Bot
Inapp,2026-01-02,,,,Bot
Inapp,2026-01-02,,,,Bot
Webapp,2026-01-02,,,,Bot
Inapp,2026-01-02,PM,Subscription Cancellaiton,,Human
Inapp,2026-01-02,,,,Bot
Webapp,2026-01-02,4g Mini Cam,Subscription Activation,,Human
Webapp,2026-01-02,PM,Subscription Cancellaiton,,Human
Webapp,2026-01-02,,,,Bot
Webapp,2026-01-02,,,,Bot
Inapp,2026-01-02,PM,DNR,,Human
Inapp,2026-01-02,4g Mini Cam,Subscription Activation - Combo,,Human
Webapp,2026-01-02,,,,Bot
Webapp,2026-01-02,4g Mini Cam,App Navigation,,Human
Webapp,2026-01-02,,,,Bot
Inapp,2026-01-02,,,,Bot
Inapp,2026-01-02,4g Mini Cam,App Navigation,,Human
Inapp,2026-01-02,4g Mini Cam,Sound Detection,,Human
Inapp,2026-01-02,,,,Bot
Inapp,2026-01-02,PM,Tech Query ,,Human
Inapp,2026-01-02,,,,Bot
Inapp,2026-01-02,4g Mini Cam,Subscription Activation - Combo,,Human
Inapp,2026-01-02,PM,Turning On,,Human
Inapp,2026-01-02,,,,Bot
Inapp,2026-01-02,,,,Bot
Inapp,2026-01-03,,,,Bot
Webapp,2026-01-03,PM,DNR,,Human
Inapp,2026-01-03,PM,DNR,,Human
Inapp,2026-01-03,PM,App Navigation,,Human
Inapp,2026-01-03,PM,Order Status,,Human
Inapp,2026-01-03,,,,Bot
Inapp,2026-01-03,,,,Bot
Webapp,2026-01-03,PM,False Power Loss,,Human
Inapp,2026-01-03,,,,Bot
Webapp,2026-01-03,PM,DNR,,Human
Inapp,2026-01-03,PM,Temp Issue,,Human
Inapp,2026-01-03,,,,Bot
Inapp,2026-01-03,,,,Bot
Webapp,2026-01-03,4g Mini Cam,Set Up,,Human
Inapp,2026-01-03,,,,Bot
Inapp,2026-01-03,,,,Bot
Inapp,2026-01-03,,,,Bot
Inapp,2026-01-03,,,,Bot
Inapp,2026-01-03,,,,Bot
Webapp,2026-01-03,,,,Bot
Webapp,2026-01-03,PM,Login Issue,,Human
Webapp,2026-01-03,,,,Bot
Webapp,2026-01-03,PM,Subscription Activation,,Human
Inapp,2026-01-03,,,,Bot
Webapp,2026-01-03,,,,Bot
Inapp,2026-01-03,,,,Bot
Webapp,2026-01-03,,,,Bot
Inapp,2026-01-03,,,,Bot
Inapp,2026-01-03,,,,Bot
Webapp,2026-01-03,,,,Bot
Inapp,2026-01-03,PM,False Power Loss,,Human
Inapp,2026-01-03,PM,Presales,,Human
Inapp,2026-01-04,,,,Bot
Inapp,2026-01-04,,,,Bot
Inapp,2026-01-04,,,,Bot
Inapp,2026-01-04,,,,Bot
Webapp,2026-01-04,PM,Accessories,,Human
Inapp,2026-01-04,,,,Bot
Inapp,2026-01-04,,,,Bot
Inapp,2026-01-04,,,,Bot
Inapp,2026-01-04,,,,Bot
Webapp,2026-01-04,,,,Bot
Inapp,2026-01-04,,,,Bot
Inapp,2026-01-04,,,,Bot
Inapp,2026-01-04,,,,Bot
Webapp,2026-01-04,,,,Bot
Inapp,2026-01-04,,,,Bot
Inapp,2026-01-04,,,,Bot
Webapp,2026-01-04,PM,Pause Subcription,,Human
Inapp,2026-01-04,,,,Bot
Inapp,2026-01-04,PM,Accessories,,Human
Inapp,2026-01-05,,,,Bot
Webapp,2026-01-05,,,,Bot
Inapp,2026-01-05,PM,Subscription Activation,,Human
Inapp,2026-01-05,RV Mini Cam,Connection,,Human
Webapp,2026-01-05,PM,Accessories,,Human
Inapp,2026-01-05,PM,GPS Issue,,Human
Inapp,2026-01-05,,,,Bot
Inapp,2026-01-05,,,,Bot
Inapp,2026-01-05,,,,Bot
Inapp,2026-01-05,4g Mini Cam,Motion alerts,,Human
Inapp,2026-01-05,4g camera,Accessories,,Human
Webapp,2026-01-05,4g Mini Cam,Accessories,,Human
Webapp,2026-01-05,,,,Bot
Webapp,2026-01-05,4g Mini Cam,Presales,,Human
Inapp,2026-01-05,,,,Bot
Inapp,2026-01-05,,,,Bot
Webapp,2026-01-05,,,,Bot
Inapp,2026-01-05,,,,Bot
Webapp,2026-01-05,,,,Bot
Inapp,2026-01-05,,,,Bot
Webapp,2026-01-05,,,,Bot
Inapp,2026-01-05,,,,Bot
Inapp,2026-01-05,Waggle Cam Pro,Registration Issue,,Human
Inapp,2026-01-05,RV Mini Cam,Subscription Activation,,Human
Inapp,2026-01-05,,,,Bot
Inapp,2026-01-05,PM,Battery Issue,,Human
Webapp,2026-01-06,,,,Bot
Webapp,2026-01-06,,,,Bot
Webapp,2026-01-06,,,,Bot
Inapp,2026-01-06,,,,Bot
Webapp,2026-01-06,,,,Bot
Inapp,2026-01-06,,,,Bot
Inapp,2026-01-06,4g Mini Cam,Sound Detection,,Human
Inapp,2026-01-06,,,,Bot
Inapp,2026-01-06,,,,Bot
Inapp,2026-01-06,4g Mini Cam,Connection,,Human
Inapp,2026-01-06,PM,DNR,,Human
Webapp,2026-01-06,,,,Bot
Inapp,2026-01-06,4g Mini Cam,Subscription Activation - Combo,,Human
Inapp,2026-01-06,,,,Bot
Inapp,2026-01-06,,,,Bot
Webapp,2026-01-06,,,,Bot
Webapp,2026-01-06,,,,Bot
Webapp,2026-01-06,Vet Chat,Query,,Human
Webapp,2026-01-06,,,,Bot
Webapp,2026-01-06,,,,Bot
Inapp,2026-01-06,,,,Bot
Webapp,2026-01-06,,,,Bot
Inapp,2026-01-06,,,,Bot
Inapp,2026-01-06,,,,Bot
Webapp,2026-01-06,,,,Bot
Webapp,2026-01-06,4g camera,Subscription query,,Human
Inapp,2026-01-06,NA,No Reason,,Human
Inapp,2026-01-06,RV Mini Cam,Subscription Activation,,Human
Webapp,2026-01-06,PM,Accessories,,Human
Webapp,2026-01-07,,,,Bot
Inapp,2026-01-07,,,,Bot
Inapp,2026-01-07,,,,Bot
Inapp,2026-01-07,PM,DNR,,Human
Webapp,2026-01-07,,,,Bot
Inapp,2026-01-07,,,,Bot
Webapp,2026-01-07,,,,Bot
Inapp,2026-01-07,,,,Bot
Inapp,2026-01-07,,,,Bot
Webapp,2026-01-07,PM,DNR,,Human
Webapp,2026-01-07,4g camera,Presales,,Human
Webapp,2026-01-07,,,,Bot
Inapp,2026-01-07,PM,Login Issue,,Human
Webapp,2026-01-07,,,,Bot
Inapp,2026-01-07,4g Mini Cam,Subscription Activation,,Human
Inapp,2026-01-07,,,,Bot
Inapp,2026-01-07,Waggle Cam Pro,Login Issue,,Human
Webapp,2026-01-07,Waggle Cam Pro,Login Issue,,Human
Inapp,2026-01-07,Waggle Cam Pro,Presales,,Human
Webapp,2026-01-07,4g Mini Cam,Motion alerts,,Human
Inapp,2026-01-07,,,,Bot
Webapp,2026-01-07,,,,Bot
Inapp,2026-01-07,,,,Bot
Inapp,2026-01-07,,,,Bot
Inapp,2026-01-07,,,,Bot
Inapp,2026-01-07,,,,Bot
Inapp,2026-01-07,PM,DNR,,Human
Inapp,2026-01-07,PM,Subscription Cancellaiton,,Human
Webapp,2026-01-07,PM,Presales,,Human
Inapp,2026-01-08,PM,GPS Issue,,Human
Inapp,2026-01-08,,,,Bot
Webapp,2026-01-08,,,,Bot
Inapp,2026-01-08,Waggle Cam Pro,Presales,,Human
Webapp,2026-01-08,4g Mini Cam,Subscription query,,Human
Webapp,2026-01-08,PM,DNR,,Human
Inapp,2026-01-08,RV Mini Cam,Subscription Cancellaiton,,Human
Webapp,2026-01-08,,,,Bot
Webapp,2026-01-08,,,,Bot
Inapp,2026-01-08,,,,Bot
Webapp,2026-01-08,NA,No Reason,,Human
Webapp,2026-01-08,,,,Bot
Inapp,2026-01-08,Waggle Cam Pro,Connection,,Human
Webapp,2026-01-08,PM,Login Issue,,Human
Webapp,2026-01-08,,,,Bot
Inapp,2026-01-08,,,,Bot
Inapp,2026-01-08,,,,Bot
Webapp,2026-01-08,,,,Bot
Webapp,2026-01-08,,,,Bot
Webapp,2026-01-08,4g Mini Cam,Login Issue,,Human
Inapp,2026-01-08,,,,Bot
Inapp,2026-01-08,PM,DNR,,Human
Inapp,2026-01-08,RV Mini Cam,Motion alerts,,Human
Inapp,2026-01-08,RV Mini Cam,Connection,,Human
Inapp,2026-01-08,,,,Bot
Inapp,2026-01-08,,,,Bot
Inapp,2026-01-08,,,,Bot
Inapp,2026-01-08,,,,Bot
Webapp,2026-01-08,4g Mini Cam,Subscription Activation,,Human
Webapp,2026-01-08,4g Mini Cam,Connection,,Human
Webapp,2026-01-09,,,,Bot
Inapp,2026-01-09,,,,Bot
Inapp,2026-01-09,,,,Bot
Webapp,2026-01-09,,,,Bot
Inapp,2026-01-09,,,,Bot
Webapp,2026-01-09,,,,Bot
Webapp,2026-01-09,4g camera,Subscription query,,Human
Inapp,2026-01-09,PM,App Navigation,,Human
Webapp,2026-01-09,,,,Bot
Inapp,2026-01-09,PM,DNR,,Human
Webapp,2026-01-09,,,,Bot
Inapp,2026-01-09,,,,Bot
Inapp,2026-01-09,PM,Tech Query ,,Human
Inapp,2026-01-09,,,,Bot
Inapp,2026-01-09,4g Mini Cam,Connection,,Human
Inapp,2026-01-09,PM,Power Recovery Not Sent,,Human
Inapp,2026-01-09,,,,Bot
Inapp,2026-01-09,,,,Bot
Inapp,2026-01-09,,,,Bot
Webapp,2026-01-09,,,,Bot
Inapp,2026-01-09,,,,Bot
Inapp,2026-01-09,,,,Bot
Webapp,2026-01-09,PM,Login Issue,,Human
Inapp,2026-01-09,PM,Return & refund,,Human
Webapp,2026-01-09,4g Mini Cam,Subscription Activation - Combo,,Human
Inapp,2026-01-09,PM,Login Issue,,Human
Inapp,2026-01-09,,,,Bot
Webapp,2026-01-10,,,,Bot
Inapp,2026-01-10,,,,Bot
Inapp,2026-01-10,,,,Bot
Inapp,2026-01-10,,,,Bot
Inapp,2026-01-10,,,,Bot
Inapp,2026-01-10,,,,Bot
Webapp,2026-01-10,,,,Bot
Inapp,2026-01-10,,,,Bot
Inapp,2026-01-10,,,,Bot
Inapp,2026-01-10,,,,Bot
Inapp,2026-01-10,RV Mini Cam,Set Up,,Human
Webapp,2026-01-10,,,,Bot
Inapp,2026-01-10,,,,Bot
Inapp,2026-01-10,,,,Bot
Inapp,2026-01-10,RV Mini Cam,Connection,,Human
Webapp,2026-01-10,,,,Bot
Inapp,2026-01-10,,,,Bot
Webapp,2026-01-10,,,,Bot
Webapp,2026-01-10,PM,DNR,,Human
Inapp,2026-01-10,,,,Bot
Inapp,2026-01-10,,,,Bot
Webapp,2026-01-10,,,,Bot
Webapp,2026-01-10,,,,Bot
Inapp,2026-01-10,RV Mini Cam,Accessories,,Human
Webapp,2026-01-10,PM,Presales,,Human
Inapp,2026-01-10,Waggle Cam Pro,Treat Tosser Issue,,Human
Inapp,2026-01-10,,,,Bot
Webapp,2026-01-10,,,,Bot
Webapp,2026-01-10,4g Mini Cam,Presales,,Human
Inapp,2026-01-10,,,,Bot
Inapp,2026-01-10,PM,DNR,,Human
Webapp,2026-01-10,PM,False Power Loss,,Human
Inapp,2026-01-10,PM,DNR,,Human
Inapp,2026-01-10,,,,Bot
Webapp,2026-01-10,,,,Bot
Inapp,2026-01-10,,,,Bot
Inapp,2026-01-10,,,,Bot
Webapp,2026-01-10,PM,Humidity Issue,,Human
Inapp,2026-01-10,PM,Charging Issue,,Human
Webapp,2026-01-10,PM,Tech Query ,,Human
Inapp,2026-01-10,,,,Bot
Webapp,2026-01-11,,,,Bot
Inapp,2026-01-11,,,,Bot
Webapp,2026-01-11,,,,Bot
Webapp,2026-01-11,PM,Subscription Activation,,Human
Inapp,2026-01-11,PM,Subscription Cancellaiton,,Human
Webapp,2026-01-11,,,,Bot
Webapp,2026-01-11,,,,Bot
Inapp,2026-01-11,4g Mini Cam,Login Issue,,Human
Webapp,2026-01-11,,,,Bot
Inapp,2026-01-11,,,,Bot
Webapp,2026-01-11,,,,Bot
Inapp,2026-01-11,,,,Bot
Webapp,2026-01-11,,,,Bot
Inapp,2026-01-11,,,,Bot
Inapp,2026-01-11,,,,Bot
Webapp,2026-01-11,,,,Bot
Inapp,2026-01-11,,,,Bot
Inapp,2026-01-11,,,,Bot
Webapp,2026-01-11,,,,Bot
Inapp,2026-01-11,,,,Bot
Webapp,2026-01-11,,,,Bot
Inapp,2026-01-11,,,,Bot
Webapp,2026-01-11,,,,Bot
Inapp,2026-01-11,RV Mini Cam,Subscription Activation,,Human
Webapp,2026-01-11,4g Mini Cam,Presales,,Human
Webapp,2026-01-11,,,,Bot
Inapp,2026-01-12,PM,Subscription Cancellaiton,,Human
Inapp,2026-01-12,,,,Bot
Webapp,2026-01-12,,,,Bot
Inapp,2026-01-12,PM,Accessories,,Human
Webapp,2026-01-12,,,,Bot
Inapp,2026-01-12,,,,Bot
Inapp,2026-01-12,RV Mini Cam,Connection,,Human
Inapp,2026-01-12,Waggle Cam Pro,Squeaky Sound,,Human
Inapp,2026-01-12,,,,Bot
Webapp,2026-01-12,,,,Bot
Inapp,2026-01-12,RV Mini Cam,Connection,,Human
Inapp,2026-01-12,,,,Bot
Webapp,2026-01-12,,,,Bot
Inapp,2026-01-12,PM,Temp Issue,,Human
Webapp,2026-01-12,,,,Bot
Webapp,2026-01-12,,,,Bot
Inapp,2026-01-12,,,,Bot
Inapp,2026-01-12,4g Mini Cam,Subscription Activation - Combo,,Human
Webapp,2026-01-12,PM,Turning On,,Human
Inapp,2026-01-12,,,,Bot
Webapp,2026-01-12,,,,Bot
Webapp,2026-01-12,,,,Bot
Inapp,2026-01-12,,,,Bot
Webapp,2026-01-12,,,,Bot
Inapp,2026-01-12,PM,Replcement Set Up,,Human
Inapp,2026-01-12,,,,Bot
Webapp,2026-01-12,RV Mini Cam,Connection,,Human
Webapp,2026-01-12,,,,Bot
Inapp,2026-01-12,,,,Bot
Inapp,2026-01-13,PM,DNR,,Human
Inapp,2026-01-13,,,,Bot
Inapp,2026-01-13,,,,Bot
Inapp,2026-01-13,RV Mini Cam,Connection,,Human
Webapp,2026-01-13,PM,Presales,,Human
Inapp,2026-01-13,,,,Bot
Inapp,2026-01-13,,,,Bot
Webapp,2026-01-13,,,,Bot
Webapp,2026-01-13,PM,Tech Query ,,Human
Inapp,2026-01-13,RV Mini Cam,Connection,,Human
Inapp,2026-01-13,,,,Bot
Inapp,2026-01-13,,,,Bot
Inapp,2026-01-13,,,,Bot
Inapp,2026-01-13,Waggel Cam Pro,Connection,,Human
Inapp,2026-01-13,,,,Bot
Inapp,2026-01-13,PM,Login Issue,,Human
Webapp,2026-01-13,PM,Profile - Dog Breed,,Human
Inapp,2026-01-13,,,,Bot
Inapp,2026-01-13,PM,Subscription Activation,,Human
Inapp,2026-01-13,PM,Subscription Activation,,Human
Inapp,2026-01-13,,,,Bot
Inapp,2026-01-13,4g camera,Presales,,Human
Webapp,2026-01-14,PM,Subscription Cancellaiton,,Human
Inapp,2026-01-14,PM,DNR,,Human
Webapp,2026-01-14,,,,Bot
Inapp,2026-01-14,,,,Bot
Inapp,2026-01-14,PM,Registration Issue,,Human
Webapp,2026-01-14,PM,DNR,,Human
Inapp,2026-01-14,,,,Bot
Inapp,2026-01-14,PM,DNR,,Human
Inapp,2026-01-14,RV Mini Cam,Connection,,Human
Webapp,2026-01-14,,,,Bot
Inapp,2026-01-14,,,,Bot
Webapp,2026-01-14,4g Mini Cam,Subscription Activation,,Human
Inapp,2026-01-14,,,,Bot
Inapp,2026-01-14,,,,Bot
Inapp,2026-01-14,PM,DNR,,Human
Inapp,2026-01-14,,,,Bot
Inapp,2026-01-14,,,,Bot
Inapp,2026-01-15,PM,DNR,,Human
Webapp,2026-01-15,,,,Bot
Webapp,2026-01-15,4g camera,Connection,,Human
Webapp,2026-01-15,PM,Presales,,Human
Inapp,2026-01-15,,,,Bot
Webapp,2026-01-15,PM,Battery Issue,,Human
Webapp,2026-01-15,,,,Bot
Inapp,2026-01-15,Waggle Cam Pro,Connection,,Human
Webapp,2026-01-15,RV Mini Cam,Tech Query ,,Human
Webapp,2026-01-15,PM,Subscription query,,Human
Webapp,2026-01-15,PM,Subscription Activation,,Human
Webapp,2026-01-15,Waggel Insurance,Waggel Insurance,,Human
Inapp,2026-01-15,,,,Bot
Webapp,2026-01-15,PM,Subscription Activation,,Human
Inapp,2026-01-15,PM,DNR,,Human
Inapp,2026-01-15,4g Mini Cam,Connection,,Human
Inapp,2026-01-15,,,,Bot
Inapp,2026-01-15,PM,DNR,,Human
Inapp,2026-01-15,PM,Subscription Mapping Issue,,Human
Inapp,2026-01-15,4g Mini Cam,Noise Issue,,Human
Inapp,2026-01-16,,,,Bot
Inapp,2026-01-16,NA,No Reason,,Human
Webapp,2026-01-16,,,,Bot
Inapp,2026-01-16,PM,DNR,,Human
Inapp,2026-01-16,RV Mini Cam,Multiple Login,,Human
Webapp,2026-01-16,4g Mini Cam,Connection,,Human
Webapp,2026-01-16,4g camera,Return & refund,,Human
Inapp,2026-01-16,,,,Bot
Inapp,2026-01-16,Waggle Cam Pro,Subscription query,,Human
Webapp,2026-01-16,,,,Bot
Webapp,2026-01-16,PM,Subscription Activation,,Human
Webapp,2026-01-16,,,,Bot
Inapp,2026-01-16,PM,DNR,,Human
Inapp,2026-01-16,,,,Bot
Webapp,2026-01-16,,,,Bot
Webapp,2026-01-16,,,,Bot
Inapp,2026-01-16,,,,Bot
Inapp,2026-01-16,4g Mini Cam,Connection,,Human
Webapp,2026-01-16,,,,Bot
Inapp,2026-01-16,,,,Bot
Inapp,2026-01-16,,,,Bot
Webapp,2026-01-16,,,,Bot
Inapp,2026-01-16,,,,Bot
Webapp,2026-01-16,,,,Bot
Webapp,2026-01-16,4g Mini Cam,Battery Issue,,Human
Webapp,2026-01-16,,,,Bot
Webapp,2026-01-16,,,,Bot
Inapp,2026-01-16,PM,DNR,,Human
Webapp,2026-01-16,PM,Subscription Cancellaiton,,Human
Inapp,2026-01-16,,,,Bot
Webapp,2026-01-16,,,,Bot
Inapp,2026-01-16,4g Mini Cam,App Navigation,,Human
Inapp,2026-01-16,PM,DNR,,Human
Webapp,2026-01-16,,,,Bot
Inapp,2026-01-16,,,,Bot
Inapp,2026-01-16,4g Mini Cam,Subscription Mapping Issue,,Human
Inapp,2026-01-16,,,,Bot
Webapp,2026-01-16,,,,Bot
Webapp,2026-01-16,,,,Bot
Webapp,2026-01-16,,,,Bot
Webapp,2026-01-16,,,,Bot
Inapp,2026-01-16,,,,Bot
Webapp,2026-01-16,,,,Bot
Inapp,2026-01-16,,,,Bot
Inapp,2026-01-17,,,,Bot
Webapp,2026-01-17,,,,Bot
Inapp,2026-01-17,,,,Bot
Inapp,2026-01-17,,,,Bot
Webapp,2026-01-17,,,,Bot
Inapp,2026-01-17,PM,DNR,,Human
Inapp,2026-01-17,,,,Bot
Inapp,2026-01-17,PM,Subscription Activation,,Human
Webapp,2026-01-17,4g Mini Cam,Tech Query ,,Human
Webapp,2026-01-17,,,,Bot
Inapp,2026-01-17,,,,Bot
Inapp,2026-01-17,,,,Bot
Webapp,2026-01-17,,,,Bot
Inapp,2026-01-17,,,,Bot
Webapp,2026-01-17,,,,Bot
Inapp,2026-01-17,,,,Bot
Inapp,2026-01-17,,,,Bot
Webapp,2026-01-17,,,,Bot
Inapp,2026-01-17,,,,Bot
Inapp,2026-01-17,,,,Bot
Inapp,2026-01-17,PM,DNR,,Human
Webapp,2026-01-17,4g camera,Presales,,Human
Inapp,2026-01-17,RV Mini Cam,Connection,,Human
Inapp,2026-01-17,,,,Bot
Webapp,2026-01-17,,,,Bot
Inapp,2026-01-17,,,,Bot
Inapp,2026-01-17,,,,Bot
Webapp,2026-01-17,,,,Bot
Inapp,2026-01-17,PM,App Issue,,Human
Inapp,2026-01-17,PM,Registration Issue,,Human
Inapp,2026-01-17,,,,Bot
Webapp,2026-01-17,,,,Bot
Webapp,2026-01-17,,,,Bot
Webapp,2026-01-17,PM,Subscription Cancellaiton,,Human
Webapp,2026-01-18,,,,Bot
Webapp,2026-01-18,PM,Referral Query,,Human
Webapp,2026-01-18,,,,Bot
Inapp,2026-01-18,,,,Bot
Webapp,2026-01-18,,,,Bot
Webapp,2026-01-18,,,,Bot
Webapp,2026-01-18,PM,Subscription Cancellaiton,,Human
Inapp,2026-01-18,,,,Bot
Inapp,2026-01-18,,,,Bot
Webapp,2026-01-18,,,,Bot
Webapp,2026-01-18,PM,Tech Query ,,Human
Webapp,2026-01-18,,,,Bot
Webapp,2026-01-18,PM,Subscription Cancellaiton,,Human
Webapp,2026-01-18,,,,Bot
Inapp,2026-01-18,,,,Bot
Webapp,2026-01-18,Waggle Cam Pro,Device Removal,,Human
Inapp,2026-01-18,PM,Subscription Activation - Combo,,Human
Webapp,2026-01-18,PM,Accessories,,Human
Inapp,2026-01-18,,,,Bot
Inapp,2026-01-18,,,,Bot
Webapp,2026-01-18,,,,Bot
Webapp,2026-01-18,,,,Bot
Inapp,2026-01-18,PM,DNR,,Human
Inapp,2026-01-18,,,,Bot
Inapp,2026-01-18,,,,Bot
Webapp,2026-01-18,,,,Bot
Webapp,2026-01-18,4g Mini Cam,Tech Query ,,Human
Inapp,2026-01-18,,,,Bot
Inapp,2026-01-19,4g Mini Cam,Set Up,,Human
Inapp,2026-01-19,4g Mini Cam,Registration Issue,,Human
Webapp,2026-01-19,,,,Bot
Inapp,2026-01-19,,,,Bot
Inapp,2026-01-19,,,,Bot
Webapp,2026-01-19,,,,Bot
Inapp,2026-01-19,PM,DNR,,Human
Webapp,2026-01-19,PM,Device Query,,Human
Inapp,2026-01-19,,,,Bot
Inapp,2026-01-19,,,,Bot
Inapp,2026-01-19,,,,Bot
Webapp,2026-01-19,,,,Bot
Webapp,2026-01-19,PM,Accessories,,Human
Inapp,2026-01-19,,,,Bot
Webapp,2026-01-19,,,,Bot
Webapp,2026-01-19,,,,Bot
Webapp,2026-01-19,,,,Bot
Inapp,2026-01-19,,,,Bot
Inapp,2026-01-19,PM,Subscription Cancellaiton,,Human
Inapp,2026-01-19,,,,Bot
Inapp,2026-01-19,NA,No Reason,,Human
Inapp,2026-01-19,,,,Bot
Inapp,2026-01-19,,,,Bot
Webapp,2026-01-19,,,,Bot
Inapp,2026-01-19,RV Mini Cam,Device Query,,Human
Inapp,2026-01-19,,,,Bot
Webapp,2026-01-19,PM,Turning On,,Human
Inapp,2026-01-19,,,,Bot
Inapp,2026-01-19,,,,Bot
Webapp,2026-01-19,PM,Login Query,,Human
Webapp,2026-01-19,,,,Bot
Inapp,2026-01-20,,,,Bot
Webapp,2026-01-20,,,,Bot
Inapp,2026-01-20,,,,Bot
Webapp,2026-01-20,,,,Bot
Inapp,2026-01-20,4g Mini Cam,App Navigation,,Human
Webapp,2026-01-20,,,,Bot
Inapp,2026-01-20,,,,Bot
Webapp,2026-01-20,RV Mini Cam,Presales,,Human
Inapp,2026-01-20,PM,DNR,,Human
Webapp,2026-01-20,,,,Bot
Webapp,2026-01-20,,,,Bot
Inapp,2026-01-20,,,,Bot
Inapp,2026-01-20,4g Mini Cam,Subscription Activation,,Human
Webapp,2026-01-20,PM,DNR,,Human
Inapp,2026-01-20,,,,Bot
Webapp,2026-01-20,,,,Bot
Inapp,2026-01-20,PM,Registration Issue,,Human
Inapp,2026-01-20,RV Mini Cam,Device Removal,,Human
Inapp,2026-01-20,PM,Charging Issue,,Human
Inapp,2026-01-20,,,,Bot
Inapp,2026-01-20,4g camera,Device Query,,Human
Webapp,2026-01-20,,,,Bot
Inapp,2026-01-20,,,,Bot
Inapp,2026-01-20,,,,Bot
Inapp,2026-01-20,,,,Bot
Inapp,2026-01-20,,,,Bot
Webapp,2026-01-21,,,,Bot
Webapp,2026-01-21,,,,Bot
Webapp,2026-01-21,,,,Bot
Inapp,2026-01-21,,,,Bot
Inapp,2026-01-21,,,,Bot
Webapp,2026-01-21,PM,Order Status,,Human
Inapp,2026-01-21,,,,Bot
Webapp,2026-01-21,,,,Bot
Webapp,2026-01-21,PM,Device Query,,Human
Webapp,2026-01-21,,,,Bot
Webapp,2026-01-21,,,,Bot
Inapp,2026-01-21,,,,Bot
Webapp,2026-01-21,PM,Charging Issue,,Human
Inapp,2026-01-21,,,,Bot
Inapp,2026-01-21,,,,Bot
Webapp,2026-01-21,,,,Bot
Webapp,2026-01-21,,,,Bot
Inapp,2026-01-21,,,,Bot
Inapp,2026-01-21,Waggle Smart Sensor,Connection,,Human
Inapp,2026-01-21,PM,DNR,,Human
Inapp,2026-01-21,PM,Subscription Cancellaiton,,Human
Inapp,2026-01-21,,,,Bot
Inapp,2026-01-21,,,,Bot
Webapp,2026-01-21,,,,Bot
Webapp,2026-01-21,,,,Bot
Inapp,2026-01-21,4g Mini Cam,Device Query,,Human
Webapp,2026-01-21,,,,Bot
Inapp,2026-01-21,,,,Bot
Webapp,2026-01-21,NA,No Reason,,Human
Inapp,2026-01-22,PM,DNR,,Human
Webapp,2026-01-22,PM,Subscription Cancellaiton,,Human
Inapp,2026-01-22,,,,Bot
Inapp,2026-01-22,,,,Bot
Inapp,2026-01-22,PM,Profile - Dog Breed,,Human
Inapp,2026-01-22,,,,Bot
Webapp,2026-01-22,,,,Bot
Inapp,2026-01-22,,,,Bot
Inapp,2026-01-22,,,,Bot
Inapp,2026-01-22,,,,Bot
Inapp,2026-01-22,,,,Bot
Inapp,2026-01-22,,,,Bot
Webapp,2026-01-22,,,,Bot
Inapp,2026-01-22,4g Mini Cam,Device Removal,,Human
Inapp,2026-01-22,,,,Bot
Inapp,2026-01-22,,,,Bot
Webapp,2026-01-22,PM,Upgrade,,Human
Inapp,2026-01-22,PM,DNR,,Human
Webapp,2026-01-22,4g camera,Subscription Activation,,Human
Inapp,2026-01-22,PM,Subscription Activation,,Human
Webapp,2026-01-22,,,,Bot
Webapp,2026-01-22,,,,Bot
Webapp,2026-01-22,,,,Bot
Webapp,2026-01-22,,,,Bot
Inapp,2026-01-23,PM,Subscription Activation,,Human
Webapp,2026-01-23,,,,Bot
Inapp,2026-01-23,PM,Flexi Plan Confusion,,Human
Inapp,2026-01-23,,,,Bot
Webapp,2026-01-23,PM,Presales,,Human
Inapp,2026-01-23,4g Mini Cam,Connection,,Human
Inapp,2026-01-23,PM,Text Alerts Exhausted,,Human
Inapp,2026-01-23,Waggle Smart Sensor,Connection,,Human
Webapp,2026-01-23,,,,Bot
Inapp,2026-01-23,RV Mini Cam,Multiple Login,,Human
Inapp,2026-01-23,RV Mini Cam,Multiple Login,,Human
Inapp,2026-01-23,,,,Bot
Webapp,2026-01-23,,,,Bot
Webapp,2026-01-23,,,,Bot
Inapp,2026-01-23,,,,Bot
Inapp,2026-01-23,,,,Bot
Inapp,2026-01-23,,,,Bot
Webapp,2026-01-23,,,,Bot
Inapp,2026-01-23,PM,Display Issue,,Human
Inapp,2026-01-23,PM,Replcement Set Up,,Human
Webapp,2026-01-23,,,,Bot
Webapp,2026-01-23,4g Mini Cam,Presales,,Human
Webapp,2026-01-23,,,,Bot
Inapp,2026-01-23,PM,Subscription Activation,,Human
Webapp,2026-01-23,,,,Bot
Inapp,2026-01-23,RV Mini Cam,Subscription Activation,,Human
Inapp,2026-01-23,,,,Bot
Inapp,2026-01-23,PM,Subscription Cancellaiton,,Human
Inapp,2026-01-23,,,,Bot
Webapp,2026-01-23,,,,Bot
Inapp,2026-01-23,PM,False Power Loss,,Human
Inapp,2026-01-23,,,,Bot
Inapp,2026-01-23,,,,Bot
Webapp,2026-01-23,PM,Device Query,,Human
Webapp,2026-01-23,PM,Presales,,Human
Webapp,2026-01-23,,,,Bot
Inapp,2026-01-23,PM,DNR,,Human
Inapp,2026-01-23,,,,Bot
Inapp,2026-01-23,,,,Bot
Inapp,2026-01-23,,,,Bot
Inapp,2026-01-24,,,,Bot
Webapp,2026-01-24,PM,App Navigation,,Human
Inapp,2026-01-24,PM,Temp Issue,,Human
Inapp,2026-01-24,4g camera,Connection,,Human
Inapp,2026-01-24,,,,Bot
Inapp,2026-01-24,Waggel Cam Pro,Motion alerts,,Human
Inapp,2026-01-24,PM,DNR,,Human
Inapp,2026-01-24,,,,Bot
Inapp,2026-01-24,PM,Temp Issue,,Human
Inapp,2026-01-24,,,,Bot
Inapp,2026-01-24,PM,DNR,,Human
Inapp,2026-01-24,PM,DNR,,Human
Webapp,2026-01-24,PM,DNR,,Human
Inapp,2026-01-24,,,,Bot
Webapp,2026-01-24,,,,Bot
Inapp,2026-01-24,,,,Bot
Inapp,2026-01-24,PM,App Navigation,,Human
Webapp,2026-01-24,,,,Bot
Webapp,2026-01-24,,,,Bot
Inapp,2026-01-24,,,,Bot
Inapp,2026-01-24,4g Mini Cam,App Navigation,,Human
Inapp,2026-01-24,,,,Bot
Inapp,2026-01-24,,,,Bot
Webapp,2026-01-24,,,,Bot
Webapp,2026-01-24,,,,Bot
Inapp,2026-01-24,4g Mini Cam,Subscription Mapping Issue,,Human
Inapp,2026-01-24,,,,Bot
Inapp,2026-01-24,,,,Bot
Webapp,2026-01-24,PM,Subscription query,,Human
Webapp,2026-01-24,,,,Bot
Webapp,2026-01-25,,,,Bot
Inapp,2026-01-25,4g Mini Cam,Turning On,,Human
Inapp,2026-01-25,4g Mini Cam,Subscription Activation - Combo,,Human
Webapp,2026-01-25,PM,Battery Issue,,Human
Inapp,2026-01-25,,,,Bot
Webapp,2026-01-25,4g Mini Cam,Return & refund,,Human
Inapp,2026-01-25,RV Mini Cam,Registration Issue,,Human
Webapp,2026-01-25,,,,Bot
Webapp,2026-01-25,4g Mini Cam,Presales,,Human
Webapp,2026-01-25,PM,Order Status,,Human
Inapp,2026-01-25,PM,DNR,,Human
Inapp,2026-01-25,PM,DNR,,Human
Inapp,2026-01-25,,,,Bot
Webapp,2026-01-25,,,,Bot
Webapp,2026-01-25,4g Mini Cam,Subscription Activation,,Human
Inapp,2026-01-25,PM,DNR,,Human
Inapp,2026-01-25,,,,Bot
Inapp,2026-01-25,PM,DNR,,Human
Inapp,2026-01-25,,,,Bot
Webapp,2026-01-25,4g camera,Connection,,Human
Inapp,2026-01-25,PM,Accessories,,Human
Webapp,2026-01-25,,,,Bot
Webapp,2026-01-25,,,,Bot
Inapp,2026-01-26,,,,Bot
Inapp,2026-01-26,,,,Bot
Inapp,2026-01-26,,,,Bot
Inapp,2026-01-26,,,,Bot
Webapp,2026-01-26,,,,Bot
Webapp,2026-01-26,,,,Bot
Webapp,2026-01-26,Vet Chat,Query,,Human
Inapp,2026-01-26,,,,Bot
Inapp,2026-01-26,,,,Bot
Webapp,2026-01-26,PM,Presales,,Human
Webapp,2026-01-26,,,,Bot
Inapp,2026-01-26,,,,Bot
Inapp,2026-01-26,,,,Bot
Inapp,2026-01-26,,,,Bot
Webapp,2026-01-26,,,,Bot
Inapp,2026-01-26,PM,Subscription Mapping Issue,,Human
Inapp,2026-01-26,,,,Bot
Inapp,2026-01-26,PM,DNR,,Human
Webapp,2026-01-26,,,,Bot
Inapp,2026-01-26,,,,Bot
Webapp,2026-01-26,PM,Presales,,Human
Webapp,2026-01-26,4g Mini Cam,Presales,,Human
Inapp,2026-01-26,PM,Turning On,,Human
Inapp,2026-01-27,,,,Bot
Webapp,2026-01-27,,,,Bot
Inapp,2026-01-27,,,,Bot
Webapp,2026-01-27,,,,Bot
Inapp,2026-01-27,,,,Bot
Inapp,2026-01-27,,,,Bot
Inapp,2026-01-27,PM,DNR,,Human
Inapp,2026-01-27,4g Mini Cam,Device Query,,Human
Inapp,2026-01-27,PM,Accessories,,Human
Webapp,2026-01-27,PM,Subscription Cancellaiton,,Human
Webapp,2026-01-27,,,,Bot
Inapp,2026-01-27,4g Mini Cam,Referral Query,,Human
Inapp,2026-01-27,PM,DNR,,Human
Inapp,2026-01-27,,,,Bot
Webapp,2026-01-27,,,,Bot
Inapp,2026-01-27,,,,Bot
Inapp,2026-01-27,PM,Device Removal,,Human
Webapp,2026-01-27,,,,Bot
Inapp,2026-01-27,PM,DNR,,Human
Inapp,2026-01-27,PM,DNR,,Human
Webapp,2026-01-27,PM,Presales,,Human
Inapp,2026-01-27,,,,Bot
Inapp,2026-01-27,,,,Bot
Webapp,2026-01-27,,,,Bot
Inapp,2026-01-27,,,,Bot
Webapp,2026-01-27,,,,Bot
Webapp,2026-01-27,RV Mini Cam,Connection,,Human
Inapp,2026-01-27,,,,Bot
Inapp,2026-01-27,4g Mini Cam,Subscription Activation,,Human
Webapp,2026-01-27,,,,Bot
Webapp,2026-01-28,4g Mini Cam,Presales,,Human
Inapp,2026-01-28,,,,Bot
Webapp,2026-01-28,,,,Bot
Webapp,2026-01-28,RV Mini Cam,Presales,,Human
Webapp,2026-01-28,PM,Device Query,,Human
Webapp,2026-01-28,PM,Presales,,Human
Inapp,2026-01-28,,,,Bot
Inapp,2026-01-28,,,,Bot
Webapp,2026-01-28,,,,Bot
Webapp,2026-01-28,,,,Bot
Webapp,2026-01-28,,,,Bot
Inapp,2026-01-28,RV Mini Cam,Connection,,Human
Inapp,2026-01-28,,,,Bot
Webapp,2026-01-28,,,,Bot
Inapp,2026-01-28,,,,Bot
Inapp,2026-01-28,,,,Bot
Inapp,2026-01-28,,,,Bot
Inapp,2026-01-28,,,,Bot
Webapp,2026-01-28,,,,Bot
Inapp,2026-01-28,PM,Login Issue,,Human
Inapp,2026-01-28,,,,Bot
Inapp,2026-01-28,,,,Bot
Webapp,2026-01-28,PM,DNR,,Human
Webapp,2026-01-28,RV Mini Cam,Presales,,Human
Inapp,2026-01-28,,,,Bot
Inapp,2026-01-28,,,,Bot
Webapp,2026-01-28,Waggel Cam Pro,Connection,,Human
Inapp,2026-01-29,,,,Bot
Webapp,2026-01-29,,,,Bot
Inapp,2026-01-29,,,,Bot
Inapp,2026-01-29,,,,Bot
Webapp,2026-01-29,,,,Bot
Inapp,2026-01-29,4g Mini Cam,Connection,,Human
Inapp,2026-01-29,Waggel Insurance,Waggel Insurance,,Human
Inapp,2026-01-29,,,,Bot
Webapp,2026-01-29,,,,Bot
Inapp,2026-01-29,PM,DNR,,Human
Webapp,2026-01-29,4g Mini Cam,Presales,,Human
Inapp,2026-01-29,,,,Bot
Inapp,2026-01-29,PM,DNR,,Human
Webapp,2026-01-29,,,,Bot
Inapp,2026-01-29,,,,Bot
Webapp,2026-01-29,4g Mini Cam,Subscription Activation,,Human
Inapp,2026-01-29,,,,Bot
Inapp,2026-01-29,,,,Bot
Webapp,2026-01-29,,,,Bot
Inapp,2026-01-30,,,,Bot
Webapp,2026-01-30,,,,Bot
Webapp,2026-01-30,,,,Bot
Inapp,2026-01-30,PM,Subscription Activation,,Human
Webapp,2026-01-30,,,,Bot
Webapp,2026-01-30,,,,Bot
Inapp,2026-01-30,,,,Bot
Webapp,2026-01-30,PM,App Navigation,,Human
Webapp,2026-01-30,,,,Bot
Webapp,2026-01-30,PM,Presales,,Human
Webapp,2026-01-30,,,,Bot
Inapp,2026-01-30,,,,Bot
Inapp,2026-01-30,,,,Bot
Inapp,2026-01-30,,,,Bot
Inapp,2026-01-30,,,,Bot
Inapp,2026-01-30,PM,Subscription Activation,,Human
Webapp,2026-01-30,,,,Bot
Inapp,2026-01-30,,,,Bot
Webapp,2026-01-30,,,,Bot
Webapp,2026-01-30,PM,Login Issue,,Human
Inapp,2026-01-30,PM,Subscription Cancellaiton,,Human
Webapp,2026-01-30,,,,Bot
Webapp,2026-01-30,,,,Bot
Webapp,2026-01-30,PM,Subscription Cancellaiton,,Human
Inapp,2026-01-30,Waggle Cam Pro,Connection,,Human
Inapp,2026-01-31,PM,Flexi Plan Confusion,,Human
Inapp,2026-01-31,PM,DNR,,Human
Webapp,2026-01-31,RV Mini Cam,Subscription Activation,,Human
Inapp,2026-01-31,PM,Subscription Cancellaiton,,Human
Webapp,2026-01-31,4g Mini Cam,order related,,Human
Inapp,2026-01-31,PM,DNR,,Human
Webapp,2026-01-31,,,,Bot
Inapp,2026-01-31,PM,DNR,,Human
Inapp,2026-01-31,PM,DNR,,Human
Webapp,2026-01-31,,,,Bot
Inapp,2026-01-31,PM,DNR,,Human
Inapp,2026-01-31,PM,DNR,,Human
Inapp,2026-01-31,PM,DNR,,Human
Webapp,2026-01-31,PM,Subscription Activation - Combo,,Human
Webchat,2026-02-01,,,,Bot
Inapp,2026-02-01,,,,Bot
Webchat,2026-02-01,,,,Bot
Inapp,2026-02-01,,,,Bot
Webchat,2026-02-01,,,,Bot
Webchat,2026-02-01,PM,Subs Activation,Activation Steps,Human
Inapp,2026-02-01,4G Camera,Subs Cancellation,Steps,Human
Inapp,2026-02-01,PM,InApp Notification,Not receiving,Human
Inapp,2026-02-01,PM,DNR,Reset Not working,Human
Webchat,2026-02-01,PM,Alerts,Limit,Human
Webchat,2026-02-01,,,,Bot
Webchat,2026-02-01,PM,multi-user-access,Sharing,Human
Webchat,2026-02-01,PM,Sub Query,Pricing,Human
Webchat,2026-02-01,,,,Bot
Webchat,2026-02-01,,,,Bot
Inapp,2026-02-01,,,,Bot
Webchat,2026-02-01,,,,Bot
Webchat,2026-02-01,,,,Bot
Inapp,2026-02-01,,,,Bot
Inapp,2026-02-01,,,,Bot
Inapp,2026-02-01,PM,Subs Cancellation,Unable to do that,Human
Inapp,2026-02-01,,,,Bot
Inapp,2026-02-01,PM,DNR,Reset Not working,Human
Inapp,2026-02-01,PM,Sub Query,Price High,Human
Inapp,2026-02-02,,,,Bot
Inapp,2026-02-02,PM,Subs Cancellation,Remove CC,Human
Webchat,2026-02-02,,,,Bot
Inapp,2026-02-02,,,,Bot
Webchat,2026-02-02,,,,Bot
Webchat,2026-02-02,,,,Bot
Webchat,2026-02-02,,,,Bot
Inapp,2026-02-02,,,,Bot
Webchat,2026-02-02,,,,Bot
Webchat,2026-02-02,,,,Bot
Webchat,2026-02-02,,,,Bot
Inapp,2026-02-02,4G Mini,Sim not Found,,Human
Inapp,2026-02-02,,,,Bot
Inapp,2026-02-02,,,,Bot
Webchat,2026-02-02,PM,Subs Cancellation,Steps,Human
Inapp,2026-02-02,,,,Bot
Webchat,2026-02-02,,,,Bot
Webchat,2026-02-02,,,,Bot
Webchat,2026-02-02,,,,Bot
Inapp,2026-02-02,,,,Bot
Webchat,2026-02-02,,,,Bot
Inapp,2026-02-02,,,,Bot
Inapp,2026-02-02,PM,DNR,Back reset,Human
Inapp,2026-02-02,4G Mini,Streaming,from another Device,Human
Webchat,2026-02-02,PM,Return & refund,Policy,Human
Inapp,2026-02-02,,,,Bot
Webchat,2026-02-02,,,,Bot
Inapp,2026-02-02,NA,No reason,,Human
Webchat,2026-02-02,,,,Bot
Inapp,2026-02-02,PM,DNR,Further steps,Human
Inapp,2026-02-02,,,,Bot
Webchat,2026-02-02,PM,Flexi Plan Confusion,Further steps,Human
Inapp,2026-02-02,,,,Bot
Inapp,2026-02-02,PM,DNR,Further steps,Human
Webchat,2026-02-03,,,,Bot
Inapp,2026-02-03,,,,Bot
Inapp,2026-02-03,PM,Registration Query,Add Pm,Human
Webchat,2026-02-03,,,,Bot
Inapp,2026-02-03,,,,Bot
Inapp,2026-02-03,,,,Bot
Inapp,2026-02-03,PM,LED light Issue,Red & Amber Flashing,Human
Webchat,2026-02-03,,,,Bot
Webchat,2026-02-03,,,,Bot
Webchat,2026-02-03,,,,Bot
Webchat,2026-02-03,,,,Bot
Inapp,2026-02-03,,,,Bot
Inapp,2026-02-03,PM,Battery Issue,Not charging,Human
Inapp,2026-02-03,,,,Bot
Webchat,2026-02-03,,,,Bot
Inapp,2026-02-03,,,,Bot
Inapp,2026-02-03,4G Mini,Audio Issue,Button not working,Human
Webchat,2026-02-03,,,,Bot
Inapp,2026-02-03,,,,Bot
Webchat,2026-02-03,,,,Bot
Webchat,2026-02-03,,,,Bot
Inapp,2026-02-03,,,,Bot
Inapp,2026-02-03,,,,Bot
Inapp,2026-02-03,,,,Bot
Webchat,2026-02-03,,,,Bot
Webchat,2026-02-03,PM,Subs Activation,Activate monthly plan in app,Human
Webchat,2026-02-03,,,,Bot
Inapp,2026-02-03,4G Mini,App Query,Turn off cam form app,Human
Inapp,2026-02-04,,,,Bot
Inapp,2026-02-04,PM,Display ,LED blinking,Human
Webchat,2026-02-04,,,,Bot
Inapp,2026-02-04,,,,Bot
Webchat,2026-02-04,,,,Bot
Inapp,2026-02-04,,,,Bot
Inapp,2026-02-04,,,,Bot
Webchat,2026-02-04,PM,Support related,,Human
Webchat,2026-02-04,,,,Bot
Webchat,2026-02-04,,,,Bot
Inapp,2026-02-04,,,,Bot
Inapp,2026-02-04,PM,Login,wrong cred,Human
Inapp,2026-02-04,,,,Bot
Webchat,2026-02-04,PM,LED light Issue,,Human
Inapp,2026-02-04,PM,DNR,Reset Not working,Human
Inapp,2026-02-04,PM,Charging Query,Charging LED Query,Human
Inapp,2026-02-04,,,,Bot
Webchat,2026-02-04,PM,Setup,,Human
Inapp,2026-02-04,,,,Bot
Inapp,2026-02-04,PM,Error 121,Display,Human
Webchat,2026-02-04,PM,Address change,Order related,Human
Inapp,2026-02-04,PM,Display ,not working,Human
Webchat,2026-02-04,PM,DNR,Reset Not working,Human
Inapp,2026-02-04,RV Mini Cam,App Navigation,notifcation off,Human
Inapp,2026-02-04,,,,Bot
Webchat,2026-02-04,,,,Bot
Inapp,2026-02-04,,,,Bot
Webchat,2026-02-04,,,,Bot
Webchat,2026-02-04,,,,Bot
Webchat,2026-02-04,,,,Bot
Webchat,2026-02-04,,,,Bot
Inapp,2026-02-04,,,,Bot
Inapp,2026-02-04,,,,Bot
Webchat,2026-02-04,,,,Bot
Webchat,2026-02-04,,,,Bot
Webchat,2026-02-04,,,,Bot
Webchat,2026-02-04,,,,Bot
Webchat,2026-02-04,,,,Bot
Webchat,2026-02-04,,,,Bot
Webchat,2026-02-04,,,,Bot
Webchat,2026-02-04,,,,Bot
Webchat,2026-02-04,4G Mini,Presales,Subs Price,Human
Webchat,2026-02-04,PM,Return & refund,Process,Human
Inapp,2026-02-04,,,,Bot
Inapp,2026-02-04,,,,Bot
Webchat,2026-02-04,,,,Bot
Inapp,2026-02-05,4G Mini,Flip,How to do,Human
Inapp,2026-02-05,,,,Bot
Inapp,2026-02-05,,,,Bot
Inapp,2026-02-05,4G Mini,Connection,,Human
Inapp,2026-02-05,4G Mini,Subs Activation,Additional camera,Human
Inapp,2026-02-05,4G Mini,Subs Activation,Price query,Human
Inapp,2026-02-05,,,,Bot
Inapp,2026-02-05,4G Mini,Sim not Found,,Human
Webchat,2026-02-05,,,,Bot
Webchat,2026-02-05,,,,Bot
Webchat,2026-02-05,,,,Bot
Webchat,2026-02-05,,,,Bot
Webchat,2026-02-05,PM,Accessories,Query 30 Foot cable,Human
Webchat,2026-02-05,RV Mini Cam,App Navigation,Live Recording,Human
Inapp,2026-02-05,,,,Bot
Webchat,2026-02-05,,,,Bot
Webchat,2026-02-05,PM,App Navigation,Update payement Method,Human
Inapp,2026-02-05,,,,Bot
Webchat,2026-02-05,,,,Bot
Webchat,2026-02-05,,,,Bot
Webchat,2026-02-05,4G Camera,Accessories,Whats included,Human
Inapp,2026-02-05,,,,Bot
Inapp,2026-02-05,,,,Bot
Inapp,2026-02-05,,,,Bot
Inapp,2026-02-05,,,,Bot
Inapp,2026-02-05,,,,Bot
Inapp,2026-02-05,4G Mini,Presales,Offers,Human
Webchat,2026-02-05,,,,Bot
Webchat,2026-02-05,,,,Bot
Inapp,2026-02-06,Waggle Cam Pro,Connection, Not connecting,Human
Inapp,2026-02-06,,,,Bot
Inapp,2026-02-06,,,,Bot
Inapp,2026-02-06,PM,App Navigation,Alert History,Human
Inapp,2026-02-06,PM,Battery Issue,Waggle app consuming high,Human
Inapp,2026-02-06,Waggel Insurance,Claim,,Human
Webchat,2026-02-06,,,,Bot
Inapp,2026-02-06,,,,Bot
Inapp,2026-02-06,,,,Bot
Inapp,2026-02-06,PM,App Issue,Reinstall,Human
Inapp,2026-02-06,,,,Bot
Inapp,2026-02-06,,,,Bot
Inapp,2026-02-06,,,,Bot
Inapp,2026-02-06,,,,Bot
Inapp,2026-02-06,,,,Bot
Webchat,2026-02-06,,,,Bot
Webchat,2026-02-06,,,,Bot
Webchat,2026-02-06,,,,Bot
Webchat,2026-02-06,,,,Bot
Inapp,2026-02-06,PM,DNR,Reset Not working,Human
Webchat,2026-02-06,,,,Bot
Inapp,2026-02-06,,,,Bot
Inapp,2026-02-06,4G Mini,App Navigation,Battery %,Human
Webchat,2026-02-06,PM,Presales,GPS,Human
Inapp,2026-02-06,,,,Bot
Inapp,2026-02-06,PM,Device Removal,Upgraded,Human
Webchat,2026-02-06,,,,Bot
Inapp,2026-02-06,RV Mini Cam,Record Issue,,Human
Inapp,2026-02-06,,,,Bot
Webchat,2026-02-06,,,,Bot
Inapp,2026-02-06,,,,Bot
Webchat,2026-02-06,,,,Bot
Webchat,2026-02-06,,,,Bot
Inapp,2026-02-06,RV Mini Cam,Device Query,Reset Button,Human
Webchat,2026-02-06,,,,Bot
Inapp,2026-02-06,NA,No reason,,Human
Inapp,2026-02-06,,,,Bot
Webchat,2026-02-07,,,,Bot
Webchat,2026-02-07,,,,Bot
Webchat,2026-02-07,,,,Bot
Webchat,2026-02-07,Smart Sensor,Presales,functionalities,Human
Webchat,2026-02-07,RV Mini Cam,Accessories,,Human
Webchat,2026-02-07,,,,Bot
Inapp,2026-02-07,,,,Bot
Webchat,2026-02-07,,,,Bot
Inapp,2026-02-07,,,,Bot
Webchat,2026-02-07,,,,Bot
Inapp,2026-02-07,4G Mini,multi-user-access,,Human
Webchat,2026-02-07,,,,Bot
Inapp,2026-02-07,,,,Bot
Inapp,2026-02-07,PM,Battery query,Battery %,Human
Inapp,2026-02-07,PM,No reason,,Human
Inapp,2026-02-07,,,,Bot
Webchat,2026-02-07,,,,Bot
Inapp,2026-02-07,,,,Bot
Webchat,2026-02-07,PM,Login Query,computer,Human
Inapp,2026-02-07,,,,Bot
Inapp,2026-02-07,,,,Bot
Inapp,2026-02-07,,,,Bot
Inapp,2026-02-07,,,,Bot
Inapp,2026-02-07,,,,Bot
Inapp,2026-02-07,PM,Device Query,Calibration,Human
Inapp,2026-02-08,,,,Bot
Inapp,2026-02-08,,,,Bot
Webchat,2026-02-08,,,,Bot
Inapp,2026-02-08,PM,DNR,Reset Not working,Human
Webchat,2026-02-08,PM,Account Transfer,New Owner,Human
Inapp,2026-02-08,PM,Subs Reactivation,discount,Human
Inapp,2026-02-08,,,,Bot
Webchat,2026-02-08,,,,Bot
Webchat,2026-02-08,,,,Bot
Inapp,2026-02-08,4G Mini,Presales,Network carrier,Human
Webchat,2026-02-08,,,,Bot
Inapp,2026-02-08,,,,Bot
Inapp,2026-02-08,,,,Bot
Inapp,2026-02-08,4G Mini,Login,wrong cred,Human
Inapp,2026-02-08,4G Mini,Presales,DIscount Code Request,Human
Inapp,2026-02-08,PM,Subs Activation - Combo,Combo Plan Query,Human
Inapp,2026-02-08,,,,Bot
Inapp,2026-02-08,,,,Bot
Inapp,2026-02-08,4G Mini,Login,wrong cred,Human
Webchat,2026-02-08,,,,Bot
Webchat,2026-02-08,,,,Bot
Inapp,2026-02-08,,,,Bot
Inapp,2026-02-08,,,,Bot
Inapp,2026-02-08,,,,Bot
Inapp,2026-02-08,4G Mini,InApp Notification,,Human
Inapp,2026-02-08,4G Camera,motion detection,,Human
Webchat,2026-02-08,,,,Bot
Inapp,2026-02-08,PM,Support related,,Human
Webchat,2026-02-08,,,,Bot
Webchat,2026-02-08,,,,Bot
Inapp,2026-02-08,,,,Bot
Inapp,2026-02-08,,,,Bot
Webchat,2026-02-09,4G Camera,motion detection,Range,Human
Inapp,2026-02-09,,,,Bot
Inapp,2026-02-09,,,,Bot
Webchat,2026-02-09,,,,Bot
Inapp,2026-02-09,,,,Bot
Webchat,2026-02-09,,,,Bot
Inapp,2026-02-09,4G Mini,Device Query,Non Magnetic Part,Human
Webchat,2026-02-09,4G Mini,Subs Activation,DIscount Code Request,Human
Webchat,2026-02-09,4G Mini,Support related,copy of support ticket,Human
Inapp,2026-02-09,,,,Bot
Webchat,2026-02-09,PM,Device Query,Network carrier,Human
Inapp,2026-02-09,,,,Bot
Webchat,2026-02-09,,,,Bot
Webchat,2026-02-09,PM,Support related,Live chat,Human
Webchat,2026-02-09,4G Mini,Pan tilt,not working,Human
Webchat,2026-02-09,,,,Bot
Webchat,2026-02-09,,,,Bot
Inapp,2026-02-09,4G Mini,App Navigation,Recording,Human
Webchat,2026-02-09,,,,Bot
Inapp,2026-02-09,,,,Bot
Inapp,2026-02-09,,,,Bot
Inapp,2026-02-09,PM,Subs Activation,DIscount Code Request,Human
Inapp,2026-02-09,,,,Bot
Webchat,2026-02-09,,,,Bot
Webchat,2026-02-09,PM,App Navigation,Subs cancellation,Human
Inapp,2026-02-09,PM,Sub Query,reactivation related,Human
Inapp,2026-02-09,4G Mini,Sub Query,Combo upgrade,Human
Webchat,2026-02-09,,,,Bot
Inapp,2026-02-09,,,,Bot
Webchat,2026-02-09,PM,Sub Query,Flexi and pause,Human
Inapp,2026-02-09,RV Mini Cam,Connection,How to do,Human
Inapp,2026-02-09,,,,Bot
Inapp,2026-02-09,4G Mini,Subs Downgrade,Query,Human
Inapp,2026-02-10,,,,Bot
Webchat,2026-02-10,,,,Bot
Inapp,2026-02-10,,,,Bot
Webchat,2026-02-10,,,,Bot
Inapp,2026-02-10,,,,Bot
Webchat,2026-02-10,,,,Bot
Webchat,2026-02-10,,,,Bot
Inapp,2026-02-10,,,,Bot
Webchat,2026-02-10,,,,Bot
Webchat,2026-02-10,,,,Bot
Webchat,2026-02-10,,,,Bot
Inapp,2026-02-10,PM,DNR,steps,Human
Inapp,2026-02-10,,,,Bot
Webchat,2026-02-10,,,,Bot
Inapp,2026-02-10,,,,Bot
Webchat,2026-02-10,RV Mini Cam,Device Query,Mounting Related,Human
Webchat,2026-02-10,,,,Bot
Webchat,2026-02-10,PM,Subs Cancellation,Steps,Human
Webchat,2026-02-10,,,,Bot
Inapp,2026-02-10,,,,Bot
Webchat,2026-02-10,,,,Bot
Inapp,2026-02-10,,,,Bot
Inapp,2026-02-10,,,,Bot
Inapp,2026-02-10,,,,Bot
Inapp,2026-02-10,,,,Bot
Inapp,2026-02-10,,,,Bot
Inapp,2026-02-10,,,,Bot
Inapp,2026-02-10,PM,Pet Profile,Not Updating,Human
Webchat,2026-02-10,,,,Bot
Inapp,2026-02-10,,,,Bot
Inapp,2026-02-10,4G Mini,multi-user-access,,Human
Inapp,2026-02-10,,,,Bot
Webchat,2026-02-10,,,,Bot
Webchat,2026-02-10,,,,Bot
Inapp,2026-02-10,4G Mini,Presales,Subs Price,Human
Inapp,2026-02-10,,,,Bot
Webchat,2026-02-10,,,,Bot
Webchat,2026-02-11,,,,Bot
Webchat,2026-02-11,4G Camera,LED Issue,,Human
Inapp,2026-02-11,,,,Bot
Webchat,2026-02-11,,,,Bot
Webchat,2026-02-11,4G Mini,Subs Activation,DIscount Code Request,Human
Inapp,2026-02-11,,,,Bot
Webchat,2026-02-11,,,,Bot
Inapp,2026-02-11,,,,Bot
Webchat,2026-02-11,,,,Bot
Inapp,2026-02-11,,,,Bot
Webchat,2026-02-11,,,,Bot
Webchat,2026-02-11,,,,Bot
Webchat,2026-02-11,,,,Bot
Webchat,2026-02-11,,,,Bot
Inapp,2026-02-11,PM,Email ID change,,Human
Inapp,2026-02-11,,,,Bot
Webchat,2026-02-11,,,,Bot
Webchat,2026-02-11,,,,Bot
Webchat,2026-02-11,,,,Bot
Inapp,2026-02-11,,,,Bot
Webchat,2026-02-11,,,,Bot
Webchat,2026-02-11,,,,Bot
Inapp,2026-02-11,,,,Bot
Inapp,2026-02-11,,,,Bot
Inapp,2026-02-11,,,,Bot
Webchat,2026-02-11,,,,Bot
Inapp,2026-02-11,,,,Bot
Inapp,2026-02-11,,,,Bot
Inapp,2026-02-11,,,,Bot
Webchat,2026-02-11,,,,Bot
Webchat,2026-02-11,,,,Bot
Webchat,2026-02-11,,,,Bot
Webchat,2026-02-11,PM,Accessories,,Human
Webchat,2026-02-11,PM,Sub Query,Combo Plan,Human
Inapp,2026-02-11,,,,Bot
Inapp,2026-02-12,,,,Bot
Inapp,2026-02-12,,,,Bot
Webchat,2026-02-12,,,,Bot
Inapp,2026-02-12,,,,Bot
Inapp,2026-02-12,RV Mini Cam,Connection,reset Pin,Human
Inapp,2026-02-12,,,,Bot
Webchat,2026-02-12,,,,Bot
Inapp,2026-02-12,PM,Display,query,Human
Webchat,2026-02-12,,,,Bot
Inapp,2026-02-12,,,,Bot
Webchat,2026-02-12,,,,Bot
Webchat,2026-02-12,4G Mini,Device Query,Mounting Related,Human
Inapp,2026-02-12,,,,Bot
Webchat,2026-02-12,PM,Login,Mapping prob,Human
Webchat,2026-02-12,,,,Bot
Webchat,2026-02-12,,,,Bot
Inapp,2026-02-12,,,,Bot
Inapp,2026-02-12,,,,Bot
Inapp,2026-02-12,,,,Bot
Inapp,2026-02-12,,,,Bot
Webchat,2026-02-12,,,,Bot
Webchat,2026-02-12,,,,Bot
Inapp,2026-02-12,NA,No reason,,Human
Webchat,2026-02-12,,,,Bot
Webchat,2026-02-12,,,,Bot
Webchat,2026-02-12,,,,Bot
Webchat,2026-02-12,PM,Presales,Network carrier,Human
Inapp,2026-02-13,,,,Bot
Webchat,2026-02-13,,,,Bot
Inapp,2026-02-13,,,,Bot
Inapp,2026-02-13,,,,Bot
Webchat,2026-02-13,PM,Sub Query,Plan Comparison,Human
Inapp,2026-02-13,,,,Bot
Webchat,2026-02-13,,,,Bot
Inapp,2026-02-13,PM,App Navigation,,Human
Webchat,2026-02-13,,,,Bot
Webchat,2026-02-13,4G Mini,Presales,Charging Query,Human
Webchat,2026-02-13,,,,Bot
Inapp,2026-02-13,RV Mini Cam,Connection,,Human
Webchat,2026-02-13,,,,Bot
Webchat,2026-02-13,,,,Bot
Webchat,2026-02-13,,,,Bot
Inapp,2026-02-13,PM,Subs Mapping,,Human
Webchat,2026-02-13,,,,Bot
Webchat,2026-02-13,,,,Bot
Inapp,2026-02-13,,,,Bot
Inapp,2026-02-13,PM,DNR,Reset Not working,Human
Inapp,2026-02-13,,,,Bot
Inapp,2026-02-13,,,,Bot
Webchat,2026-02-13,,,,Bot
Webchat,2026-02-13,PM,Presales,Bundle Query,Human
Inapp,2026-02-13,,,,Bot
Webchat,2026-02-13,PM,Presales,Connection related,Human
Inapp,2026-02-13,,,,Bot
Inapp,2026-02-13,,,,Bot
Inapp,2026-02-13,,,,Bot
Inapp,2026-02-13,,,,Bot
Webchat,2026-02-13,,,,Bot
Webchat,2026-02-13,PM,Sub Query,Flexi Plan query,Human
Webchat,2026-02-13,,,,Bot
Inapp,2026-02-13,PM,DNR,Reset Not working,Human
Inapp,2026-02-13,,,,Bot
Inapp,2026-02-14,,,,Bot
Inapp,2026-02-14,,,,Bot
Inapp,2026-02-14,PM,DNR,Reset Not working,Human
Webchat,2026-02-14,,,,Bot
Inapp,2026-02-14,PM,DNR,Reset Not working,Human
Webchat,2026-02-14,,,,Bot
Inapp,2026-02-14,,,,Bot
Inapp,2026-02-14,,,,Bot
Webchat,2026-02-14,,,,Bot
Inapp,2026-02-14,,,,Bot
Webchat,2026-02-14,,,,Bot
Inapp,2026-02-14,,,,Bot
Webchat,2026-02-14,,,,Bot
Inapp,2026-02-14,,,,Bot
Inapp,2026-02-14,,,,Bot
Webchat,2026-02-14,,,,Bot
Inapp,2026-02-14,PM,Registration Query,Replacment Device,Human
Inapp,2026-02-14,PM,Display ,,Human
Webchat,2026-02-14,,,,Bot
Inapp,2026-02-14,,,,Bot
Inapp,2026-02-14,,,,Bot
Inapp,2026-02-14,,,,Bot
Inapp,2026-02-14,4G Mini,Rotation Issue,,Human
Webchat,2026-02-14,,,,Bot
Webchat,2026-02-14,NA,No reason,,Human
Webchat,2026-02-14,,,,Bot
Inapp,2026-02-14,4G Mini,Device Query,Apple Watch Comp.,Human
Inapp,2026-02-14,,,,Bot
Inapp,2026-02-14,,,,Bot
Inapp,2026-02-14,,,,Bot
Webchat,2026-02-14,,,,Bot
Inapp,2026-02-14,,,,Bot
Webchat,2026-02-14,,,,Bot
Inapp,2026-02-14,,,,Bot
Webchat,2026-02-14,PM,Temp Issue,,Human
Inapp,2026-02-14,,,,Bot
Webchat,2026-02-14,,,,Bot
Webchat,2026-02-15,,,,Bot
Webchat,2026-02-15,,,,Bot
Webchat,2026-02-15,,,,Bot
Inapp,2026-02-15,,,,Bot
Inapp,2026-02-15,,,,Bot
Inapp,2026-02-15,,,,Bot
Webchat,2026-02-15,,,,Bot
Webchat,2026-02-15,,,,Bot
Inapp,2026-02-15,,,,Bot
Inapp,2026-02-15,,,,Bot
Webchat,2026-02-15,PM,Charging Query,cigarette lighter charger,Human
Inapp,2026-02-15,,,,Bot
Webchat,2026-02-15,,,,Bot
Inapp,2026-02-15,,,,Bot
Inapp,2026-02-15,,,,Bot
Inapp,2026-02-15,,,,Bot
Webchat,2026-02-15,,,,Bot
Inapp,2026-02-15,,,,Bot
Inapp,2026-02-15,PM,Registration Query,Second Hand Device,Human
Inapp,2026-02-15,,,,Bot
Inapp,2026-02-15,,,,Bot
Inapp,2026-02-16,PM,Registration Query,Second Hand Device,Human
Webchat,2026-02-16,,,,Bot
Webchat,2026-02-16,,,,Bot
Webchat,2026-02-16,,,,Bot
Webchat,2026-02-16,,,,Bot
Webchat,2026-02-16,,,,Bot
Webchat,2026-02-16,4G Camera,Device Query,Network carrier,Human
Webchat,2026-02-16,,,,Bot
Inapp,2026-02-16,PM,App Issue,,Human
Inapp,2026-02-16,,,,Bot
Inapp,2026-02-16,,,,Bot
Inapp,2026-02-16,,,,Bot
Webchat,2026-02-16,,,,Bot
Inapp,2026-02-16,,,,Bot
Inapp,2026-02-16,,,,Bot
Webchat,2026-02-16,RV Mini Cam,App Issue,,Human
Inapp,2026-02-16,,,,Bot
Inapp,2026-02-16,,,,Bot
Inapp,2026-02-16,,,,Bot
Inapp,2026-02-16,,,,Bot
Inapp,2026-02-16,PM,Subs Activation - Combo,Activation Steps,Human
Webchat,2026-02-16,PM,Display ,,Human
Inapp,2026-02-16,PM,DNR,Reset Not working,Human
Inapp,2026-02-17,,,,Bot
Inapp,2026-02-17,,,,Bot
Webchat,2026-02-17,PM,LED light Issue,,Human
Inapp,2026-02-17,PM,Subs Activation,DIscount Code Request,Human
Inapp,2026-02-17,,,,Bot
Webchat,2026-02-17,,,,Bot
Inapp,2026-02-17,PM,Subs Activation - Combo,Activation Steps,Human
Webchat,2026-02-17,,,,Bot
Webchat,2026-02-17,,,,Bot
Webchat,2026-02-17,,,,Bot
Inapp,2026-02-17,,,,Bot
Inapp,2026-02-17,Waggle Cam Pro,Subs Cancellation,Marketing Issue,Human
Inapp,2026-02-17,PM,DNR,Reset Not working,Human
Inapp,2026-02-17,,,,Bot
Inapp,2026-02-17,,,,Bot
Webchat,2026-02-17,,,,Bot
Webchat,2026-02-17,,,,Bot
Inapp,2026-02-17,,,,Bot
Inapp,2026-02-17,,,,Bot
Webchat,2026-02-17,PM,Presales,Apple Watch Comp.,Human
Inapp,2026-02-17,,,,Bot
Webchat,2026-02-17,,,,Bot
Webchat,2026-02-17,,,,Bot
Webchat,2026-02-17,,,,Bot
Webchat,2026-02-17,Smart Sensor,Presales,Stock,Human
Inapp,2026-02-17,,,,Bot
Webchat,2026-02-17,,,,Bot
Webchat,2026-02-17,,,,Bot
Webchat,2026-02-17,,,,Bot
Inapp,2026-02-17,,,,Bot
Webchat,2026-02-17,,,,Bot
Inapp,2026-02-17,,,,Bot
Inapp,2026-02-18,,,,Bot
Webchat,2026-02-18,,,,Bot
Webchat,2026-02-18,,,,Bot
Webchat,2026-02-18,,,,Bot
Inapp,2026-02-18,,,,Bot
Webchat,2026-02-18,,,,Bot
Inapp,2026-02-18,4G Mini,Subs Activation,Mapping prob,Human
Inapp,2026-02-18,,,,Bot
Inapp,2026-02-18,,,,Bot
Inapp,2026-02-18,PM,Charging Query,Charging LED Query,Human
Inapp,2026-02-18,,,,Bot
Inapp,2026-02-18,PM,Charging Query,Charging LED Query,Human
Inapp,2026-02-18,RV Mini Cam,Order,DIscount Code Request,Human
Webchat,2026-02-18,,,,Bot
Webchat,2026-02-18,,,,Bot
Inapp,2026-02-18,,,,Bot
Webchat,2026-02-18,,,,Bot
Inapp,2026-02-18,RV Mini Cam,Order,DIscount Code Request,Human
Webchat,2026-02-18,,,,Bot
Inapp,2026-02-18,,,,Bot
Inapp,2026-02-18,PM,Subs Mapping,,Human
Inapp,2026-02-18,,,,Bot
Webchat,2026-02-18,4G Mini,Presales,Battery Life,Human
Inapp,2026-02-18,,,,Bot
Webchat,2026-02-18,4G Mini,Subs Activation,pack of 3,Human
Inapp,2026-02-18,,,,Bot
Webchat,2026-02-18,,,,Bot
Inapp,2026-02-19,,,,Bot
Webchat,2026-02-19,,,,Bot
Webchat,2026-02-19,,,,Bot
Inapp,2026-02-19,,,,Bot
Inapp,2026-02-19,,,,Bot
Webchat,2026-02-19,,,,Bot
Inapp,2026-02-19,,,,Bot
Webchat,2026-02-19,,,,Bot
Webchat,2026-02-19,,,,Bot
Webchat,2026-02-19,,,,Bot
Webchat,2026-02-19,,,,Bot
Webchat,2026-02-19,,,,Bot
Inapp,2026-02-19,,,,Bot
Webchat,2026-02-19,,,,Bot
Inapp,2026-02-19,,,,Bot
Webchat,2026-02-19,,,,Bot
Inapp,2026-02-19,,,,Bot
Webchat,2026-02-19,,,,Bot
Inapp,2026-02-19,,,,Bot
Inapp,2026-02-19,,,,Bot
Webchat,2026-02-19,,,,Bot
Webchat,2026-02-19,PM,Sub Query,Subs Price,Human
Webchat,2026-02-19,,,,Bot
Webchat,2026-02-19,,,,Bot
Webchat,2026-02-19,,,,Bot
Webchat,2026-02-19,,,,Bot
Webchat,2026-02-19,,,,Bot
Webchat,2026-02-19,PM,Presales,Battery Life,Human
Inapp,2026-02-19,,,,Bot
Webchat,2026-02-19,,,,Bot
Webchat,2026-02-19,PM,Presales,PLPB,Human
Webchat,2026-02-19,,,,Bot
Inapp,2026-02-19,,,,Bot
Webchat,2026-02-20,,,,Bot
Webchat,2026-02-20,,,,Bot
Webchat,2026-02-20,,,,Bot
Inapp,2026-02-20,4G Mini,Connection,,Human
Inapp,2026-02-20,PM,Sub Query,Flexi Plan Query,Human
Inapp,2026-02-20,,,,Bot
Inapp,2026-02-20,4G Mini,Registration Query,Unable to scan QR code,Human
Inapp,2026-02-20,PM,DNR,Battery Reset,Human
Inapp,2026-02-20,,,,Bot
Webchat,2026-02-20,,,,Bot
Webchat,2026-02-20,PM,Device Query,Power On Button - Old PM,Human
Inapp,2026-02-20,4G Mini,Registration Issue,Unable to scan QR code,Human
Webchat,2026-02-20,,,,Bot
Webchat,2026-02-20,,,,Bot
Inapp,2026-02-20,,,,Bot
Webchat,2026-02-20,,,,Bot
Inapp,2026-02-20,,,,Bot
Webchat,2026-02-20,PM,Presales,Military  Discount,Human
Webchat,2026-02-20,,,,Bot
Inapp,2026-02-20,,,,Bot
Inapp,2026-02-20,,,,Bot
Webchat,2026-02-20,,,,Bot
Inapp,2026-02-20,,,,Bot
Webchat,2026-02-20,PM,Order,Placing Order,Human
Webchat,2026-02-20,,,,Bot
Inapp,2026-02-21,,,,Bot
Inapp,2026-02-21,,,,Bot
Webchat,2026-02-21,PM,Order,Placing Order,Human
Webchat,2026-02-21,PM,Order,Placing Order,Human
Inapp,2026-02-21,PM,Subs Activation,Mapping prob,Human
Webchat,2026-02-21,,,,Bot
Webchat,2026-02-21,,,,Bot
Inapp,2026-02-21,,,,Bot
Webchat,2026-02-21,,,,Bot
Webchat,2026-02-21,,,,Bot
Webchat,2026-02-21,,,,Bot
Inapp,2026-02-21,,,,Bot
Inapp,2026-02-21,PM,Power Loss,Report,Human
Webchat,2026-02-21,,,,Bot
Inapp,2026-02-21,,,,Bot
Webchat,2026-02-21,PM,Presales,Bundle,Human
Inapp,2026-02-21,,,,Bot
Inapp,2026-02-21,,,,Bot
Webchat,2026-02-21,PM,Sub Query,Flexi Plan query,Human
Webchat,2026-02-21,,,,Bot
Webchat,2026-02-21,PM,Login,Reset PW,Human
Webchat,2026-02-21,RV Mini Cam,Accessories,Mounting Bracket,Human
Webchat,2026-02-21,,,,Bot
Webchat,2026-02-21,,,,Bot
Inapp,2026-02-21,PM,App Navigation,SMS turn Off,Human
Webchat,2026-02-21,PM,Marketing Emails,Unsubscribe,Human
Webchat,2026-02-21,4G Camera,motion detection,Not tracking,Human
Inapp,2026-02-21,,,,Bot
Inapp,2026-02-21,,,,Bot
Webchat,2026-02-21,,,,Bot
Webchat,2026-02-21,4G Mini,Accessories,Mounting Bracket,Human
Webchat,2026-02-21,,,,Bot
Webchat,2026-02-21,,,,Bot
Webchat,2026-02-21,PM,Subs Cancellation,Refund,Human
Webchat,2026-02-21,,,,Bot
Inapp,2026-02-21,,,,Bot
Inapp,2026-02-21,,,,Bot
Inapp,2026-02-21,,,,Bot
Webchat,2026-02-21,,,,Bot
Webchat,2026-02-21,PM,Presales,Subs related,Human
Webchat,2026-02-22,PM,Order,Status,Human
Inapp,2026-02-22,,,,Bot
Inapp,2026-02-22,,,,Bot
Webchat,2026-02-22,4G Camera,Presales,functionalities,Human
Inapp,2026-02-22,,,,Bot
Webchat,2026-02-22,4G Mini,Presales,Order related,Human
Inapp,2026-02-22,,,,Bot
Webchat,2026-02-22,,,,Bot
Webchat,2026-02-22,4G Mini,Sub Query,pack of 3,Human
Webchat,2026-02-22,,,,Bot
Inapp,2026-02-22,,,,Bot
Inapp,2026-02-22,,,,Bot
Inapp,2026-02-22,,,,Bot
Inapp,2026-02-22,PM,Registration Issue,Second Hand Device,Human
Inapp,2026-02-22,,,,Bot
Webchat,2026-02-22,4G Mini,Registration Query,Add Additional Cam,Human
Inapp,2026-02-22,4G Mini,App Navigation,Video Feed,Human
Inapp,2026-02-22,,,,Bot
Inapp,2026-02-22,RV Mini Cam,Connection,Streaming Issue,Human
Inapp,2026-02-22,PM,Login,wrong cred,Human
Webchat,2026-02-22,,,,Bot
Inapp,2026-02-22,PM,DNR,Battery Reset,Human
Inapp,2026-02-22,,,,Bot
Inapp,2026-02-22,PM,Registration Issue,Second PM,Human
Webchat,2026-02-22,,,,Bot
Inapp,2026-02-22,,,,Bot
Inapp,2026-02-22,PM,DNR,Battery Reset,Human
Webchat,2026-02-22,PM,Order,Status,Human
Inapp,2026-02-23,,,,Bot
Inapp,2026-02-23,RV Mini Cam,Connection,Streaming Issue,Human
Webapp,2026-02-23,4G Mini,Sub Query,Price query,Human
Inapp,2026-02-23,,,,Bot
Webapp,2026-02-23,,,,Bot
Inapp,2026-02-23,,,,Bot
Webapp,2026-02-23,,,,Bot
Webapp,2026-02-23,,,,Bot
Inapp,2026-02-23,,,,Bot
Inapp,2026-02-23,,,,Bot
Webapp,2026-02-23,,,,Bot
Inapp,2026-02-23,4G Mini,App Navigation,Flip,Human
Webapp,2026-02-23,,,,Bot
Webapp,2026-02-23,,,,Bot
Webapp,2026-02-23,PM,Order,Status,Human
Inapp,2026-02-23,PM,Display,Query,Human
Inapp,2026-02-23,,,,Bot
Webapp,2026-02-23,,,,Bot
Inapp,2026-02-23,4G Mini,Sim not Found,,Human
Inapp,2026-02-23,,,,Bot
Webapp,2026-02-23,,,,Bot
Webapp,2026-02-23,,,,Bot
Webapp,2026-02-23,,,,Bot
Webapp,2026-02-23,,,,Bot
Inapp,2026-02-23,PM,DNR,Further steps,Human
Inapp,2026-02-23,4G Mini,Login,wrong cred,Human
Webapp,2026-02-23,,,,Bot
Inapp,2026-02-23,,,,Bot
Inapp,2026-02-23,PM,DNR,Further steps,Human
Webapp,2026-02-23,,,,Bot
Inapp,2026-02-23,,,,Bot
Webapp,2026-02-23,,,,Bot
Webapp,2026-02-23,,,,Bot
Webapp,2026-02-23,PM,Order,Pro+ OOS,Human
Inapp,2026-02-23,PM,DNR,Further steps,Human
Webapp,2026-02-23,,,,Bot
Webapp,2026-02-24,PM,Presales,Difference,Human
Webapp,2026-02-24,,,,Bot
Webapp,2026-02-24,,,,Bot
Webapp,2026-02-24,,,,Bot
Webapp,2026-02-24,PM,Subs Activation,Mapping prob,Human
Webapp,2026-02-24,4G Mini,Accessories,Mount Broken,Human
Inapp,2026-02-24,PM,Subs Activation,Mapping prob,Human
Inapp,2026-02-24,4G Mini,Subs Cancellation,,Human
Inapp,2026-02-24,,,,Bot
Webapp,2026-02-24,,,,Bot
Webapp,2026-02-24,,,,Bot
Webapp,2026-02-24,,,,Bot
Inapp,2026-02-24,PM,DNR,Battery Reset,Human
Inapp,2026-02-24,4G Mini,No camera found,,Human
Webapp,2026-02-24,,,,Bot
Webapp,2026-02-24,4G Mini,Presales,functionalities,Human
Inapp,2026-02-24,,,,Bot
Inapp,2026-02-24,,,,Bot
Webapp,2026-02-24,,,,Bot
Webapp,2026-02-24,,,,Bot
Webapp,2026-02-24,RV Mini Cam,Presales,functionalities,Human
Inapp,2026-02-24,,,,Bot
Webapp,2026-02-24,NA,No reason,,Human
Webapp,2026-02-24,,,,Bot
Webapp,2026-02-24,,,,Bot
Webapp,2026-02-24,,,,Bot
Inapp,2026-02-24,PM,DNR,Further steps,Human
Inapp,2026-02-24,4G Mini,Device Query,Network carrier,Human
Inapp,2026-02-24,,,,Bot
Inapp,2026-02-24,,,,Bot
Inapp,2026-02-24,,,,Bot
Webapp,2026-02-24,,,,Bot
Inapp,2026-02-24,,,,Bot
Inapp,2026-02-24,,,,Bot
Inapp,2026-02-24,,,,Bot
Inapp,2026-02-24,PM,Support related,contact Support,Human
Webapp,2026-02-25,,,,Bot
Inapp,2026-02-25,,,,Bot
Webapp,2026-02-25,,,,Bot
Inapp,2026-02-25,,,,Bot
Webapp,2026-02-25,,,,Bot
Webapp,2026-02-25,4G Mini,Presales,functionalities,Human
Webapp,2026-02-25,,,,Bot
Webapp,2026-02-25,,,,Bot
Webapp,2026-02-25,,,,Bot
Inapp,2026-02-25,,,,Bot
Webapp,2026-02-25,,,,Bot
Inapp,2026-02-25,,,,Bot
Webapp,2026-02-25,,,,Bot
Webapp,2026-02-25,,,,Bot
Inapp,2026-02-25,,,,Bot
Inapp,2026-02-25,,,,Bot
Inapp,2026-02-25,4G Mini,App Navigation,Rotation,Human
Webapp,2026-02-25,,,,Bot
Webapp,2026-02-25,,,,Bot
Inapp,2026-02-25,,,,Bot
Webapp,2026-02-25,4G Mini,motion detection,Video Not Available,Human
Webapp,2026-02-25,PM,Sub Query,Price query,Human
Inapp,2026-02-25,PM,DNR,Further steps,Human
Inapp,2026-02-25,PM,Account Transfer,,Human
Webapp,2026-02-25,,,,Bot
Inapp,2026-02-25,,,,Bot
Webapp,2026-02-25,,,,Bot
Inapp,2026-02-25,,,,Bot
Inapp,2026-02-25,RV Mini Cam,Unsupported Camera,Older version,Human
Inapp,2026-02-25,,,,Bot
Inapp,2026-02-26,,,,Bot
Webapp,2026-02-26,,,,Bot
Inapp,2026-02-26,,,,Bot
Inapp,2026-02-26,PM,App Navigation,Humidity Alerts,Human
Webapp,2026-02-26,NA,Ambassador Program,,Human
Inapp,2026-02-26,PM,DNR,Further steps,Human
Inapp,2026-02-26,,,,Bot
Webapp,2026-02-26,,,,Bot
Webapp,2026-02-26,,,,Bot
Inapp,2026-02-26,,,,Bot
Inapp,2026-02-26,,,,Bot
Inapp,2026-02-26,,,,Bot
Inapp,2026-02-26,,,,Bot
Webapp,2026-02-26,,,,Bot
Webapp,2026-02-26,,,,Bot
Webapp,2026-02-26,PM,App Navigation,Temp/Humidity Notifications,Human
Inapp,2026-02-26,,,,Bot
Inapp,2026-02-26,PM,No reason,,Human
Webapp,2026-02-26,,,,Bot
Inapp,2026-02-26,,,,Bot
Inapp,2026-02-26,,,,Bot
Webapp,2026-02-26,,,,Bot
Webapp,2026-02-26,,,,Bot
Webapp,2026-02-26,PM,Accessories,,Human
Webapp,2026-02-26,PM,DNR,Further steps,Human
Inapp,2026-02-26,,,,Bot
Webapp,2026-02-26,Waggle Cam Pro,Treat Toss,Schedule,Human
Webapp,2026-02-26,,,,Bot
Inapp,2026-02-26,,,,Bot
Inapp,2026-02-26,,,,Bot
Webapp,2026-02-26,,,,Bot
Inapp,2026-02-26,,,,Bot
Inapp,2026-02-26,PM,Charging Query,Car Charge,Human
Inapp,2026-02-26,,,,Bot
Inapp,2026-02-26,,,,Bot
Inapp,2026-02-27,,,,Bot
Inapp,2026-02-27,,,,Bot
Webapp,2026-02-27,,,,Bot
Inapp,2026-02-27,,,,Bot
Inapp,2026-02-27,,,,Bot
Inapp,2026-02-27,PM,DNR,Further steps,Human
Inapp,2026-02-27,,,,Bot
Webapp,2026-02-27,,,,Bot
Webapp,2026-02-27,,,,Bot
Inapp,2026-02-27,,,,Bot
Inapp,2026-02-27,4G Mini,App Navigation,Motion Recording,Human
Webapp,2026-02-27,RV Mini Cam,Connection,,Human
Webapp,2026-02-27,NA,No reason,,Human
Inapp,2026-02-27,,,,Bot
Inapp,2026-02-27,,,,Bot
Webapp,2026-02-27,,,,Bot
Inapp,2026-02-27,PM,DNR,,Human
Webapp,2026-02-27,,,,Bot
Webapp,2026-02-27,PM,DNR,,Human
Webapp,2026-02-27,PM,Subs Activation,Combo Plan,Human
Webapp,2026-02-27,,,,Bot
Webapp,2026-02-27,,,,Bot
Inapp,2026-02-27,PM,Subs Activation,Trial Plan,Human
Inapp,2026-02-27,PM,Charging Query,LED blinking,Human
Inapp,2026-02-27,4G Mini,Subs Activation,DIscount Code Request,Human
Webapp,2026-02-27,,,,Bot
Inapp,2026-02-27,,,,Bot
Inapp,2026-02-27,,,,Bot
Webapp,2026-02-27,,,,Bot
Inapp,2026-02-27,,,,Bot
Inapp,2026-02-28,,,,Bot
Inapp,2026-02-28,,,,Bot
Webapp,2026-02-28,,,,Bot
Inapp,2026-02-28,,,,Bot
Webapp,2026-02-28,,,,Bot
Inapp,2026-02-28,,,,Bot
Inapp,2026-02-28,Waggel Insurance,No reason,,Human
Inapp,2026-02-28,RV Mini Cam,Subs Cancellation,Steps,Human
Inapp,2026-02-28,,,,Bot
Inapp,2026-02-28,,,,Bot
Inapp,2026-02-28,,,,Bot
Webapp,2026-02-28,,,,Bot
Inapp,2026-02-28,,,,Bot
Inapp,2026-02-28,,,,Bot
Webapp,2026-02-28,,,,Bot
Webapp,2026-02-28,,,,Bot
Inapp,2026-02-28,,,,Bot
Inapp,2026-02-28,,,,Bot
Inapp,2026-02-28,,,,Bot
Webapp,2026-02-28,,,,Bot
Inapp,2026-02-28,,,,Bot
Inapp,2026-02-28,4G Mini,App Navigation,Add Phone No,Human
Inapp,2026-02-28,PM,Registration Issue,Replacment Device,Human
Inapp,2026-02-28,,,,Bot
Inapp,2026-02-28,,,,Bot
Webapp,2026-02-28,,,,Bot
Webapp,2026-02-28,,,,Bot
Webapp,2026-02-28,,,,Bot
Webapp,2026-02-28,,,,Bot
Inapp,2026-02-28,4G Mini,Login,,Human
Webapp,2026-02-28,,,,Bot
Inapp,2026-02-28,,,,Bot
Inapp,2026-02-28,PM,DNR,,Human
Inapp,2026-02-28,,,,Bot
Webapp,2026-02-28,4G Mini,Registration Issue,,Human
Inapp,2026-02-28,4G Mini,App Navigation,Remove Device,Human
Inapp,2026-02-28,,,,Bot
Inapp,2026-02-28,,,,Bot
Inapp,2026-02-28,,,,Bot
Webapp,2026-02-28,,,,Bot
Inapp,2026-02-28,,,,Bot
Inapp,2026-02-28,,,,Bot
Inapp,2026-02-28,,,,Bot
Webapp,2026-02-28,,,,Bot
Inapp,2026-02-28,,,,Bot
Inapp,2026-02-28,4G Mini,Registration Issue,,Human
Inapp,2026-02-28,,,,Bot
Inapp,2026-02-28,PM,Device Removal,,Human
Webapp,2026-02-28,,,,Bot
Inapp,2026-02-28,,,,Bot
Inapp,2026-02-28,,,,Bot
Inapp,2026-02-28,,,,Bot
Inapp,2026-02-28,,,,Bot
Inapp,2026-03-16,PM,DNR,,Human
Inapp,2026-03-16,,,,Bot
Webapp,2026-03-17,,,,Bot
Webapp,2026-03-17,,,,Bot
Inapp,2026-03-17,,,,Bot
Webapp,2026-03-17,,,,Bot
Webapp,2026-03-17,,,,Bot
Webapp,2026-03-17,,,,Bot
Webapp,2026-03-17,,,,Bot
Webapp,2026-03-17,,,,Bot
Webapp,2026-03-17,4g Mini,Feature Request,Camera list management,Human
Inapp,2026-03-17,,,,Bot
Webapp,2026-03-17,PM,DNR,,Human
Webapp,2026-03-17,,,,Bot
Inapp,2026-03-17,,,,Bot
Inapp,2026-03-17,,,,Bot
Inapp,2026-03-17,,,,Bot
Inapp,2026-03-17,,,,Bot
Inapp,2026-03-17,PM,DNR,,Human
Inapp,2026-03-17,,,,Bot
Webapp,2026-03-17,,,,Bot
Webapp,2026-03-17,,,,Bot
Inapp,2026-03-17,PM,App Navigation,Screen Color Change,Human
Inapp,2026-03-17,PM,DNR,,Human
Webapp,2026-03-17,,,,Bot
Inapp,2026-03-17,,,,Bot
Inapp,2026-03-17,,,,Bot
Webapp,2026-03-17,PM,Order Related,Shipping,Human
Inapp,2026-03-17,,,,Bot
Webapp,2026-03-17,,,,Bot
Inapp,2026-03-17,,,,Bot
Webapp,2026-03-17,,,,Bot
Inapp,2026-03-17,,,,Bot
Inapp,2026-03-17,,,,Bot
Inapp,2026-03-17,,,,Bot
Inapp,2026-03-17,,,,Bot
Inapp,2026-03-17,,,,Bot
Webapp,2026-03-17,4g Mini,Auto Tracking,,Human
Inapp,2026-03-17,4g Mini,Auto Tracking,,Human
Webapp,2026-03-17,,,,Bot
Webapp,2026-03-17,,,,Bot
Inapp,2026-03-18,,,,Bot
Webapp,2026-03-18,,,,Bot
Webapp,2026-03-18,,,,Bot
Inapp,2026-03-18,NA,NA,NA,Human
Inapp,2026-03-18,PM,App Issue,Profile Setup,Human
Inapp,2026-03-18,PM,Device Removal,,Human
Inapp,2026-03-18,,,,Bot
Webapp,2026-03-18,,,,Bot
Inapp,2026-03-18,,,,Bot
Webapp,2026-03-18,,,,Bot
Webapp,2026-03-18,,,,Bot
Inapp,2026-03-18,PM,Accessories,,Human
Inapp,2026-03-18,,,,Bot
Inapp,2026-03-18,,,,Bot
Inapp,2026-03-18,,,,Bot
Inapp,2026-03-18,,,,Bot
Inapp,2026-03-18,,,,Bot
Inapp,2026-03-18,,,,Bot
Inapp,2026-03-18,,,,Bot
Inapp,2026-03-18,,,,Bot
Inapp,2026-03-18,,,,Bot
Webapp,2026-03-18,,,,Bot
Webapp,2026-03-18,,,,Bot
Inapp,2026-03-18,,,,Bot
Webapp,2026-03-18,PM,Subs Activation,Second Monitor,Human
Webapp,2026-03-18,4G Camera,Presales,Functionalities,Human
Webapp,2026-03-18,,,,Bot
Inapp,2026-03-18,,,,Bot
Inapp,2026-03-18,4g Mini,multi-user-access,,Human
Inapp,2026-03-18,,,,Bot
Inapp,2026-03-18,Waggle Cam Pro,App Issue,Loading,Human
Inapp,2026-03-18,PM,Not Charging,,Human
Webapp,2026-03-18,,,,Bot
Webapp,2026-03-18,,,,Bot
Inapp,2026-03-18,PM,Registration,Used Monitor,Human
Inapp,2026-03-18,,,,Bot
Inapp,2026-03-18,,,,Bot
Inapp,2026-03-18,,,,Bot
Inapp,2026-03-18,,,,Bot
Inapp,2026-03-18,,,,Bot
Inapp,2026-03-18,,,,Bot
Inapp,2026-03-18,,,,Bot
Webapp,2026-03-18,Older Waggle,Registration,,Human
Inapp,2026-03-18,,,,Bot
Inapp,2026-03-18,,,,Bot
Inapp,2026-03-18,PM,Alerts not working,,Human
Webapp,2026-03-18,,,,Bot
Webapp,2026-03-19,PM,Subs Activation,Combo plan,Human
Webapp,2026-03-19,,,,Bot
Webapp,2026-03-19,,,,Bot
Inapp,2026-03-19,,,,Bot
Webapp,2026-03-19,,,,Bot
Inapp,2026-03-19,,,,Bot
Inapp,2026-03-19,,,,Bot
Inapp,2026-03-19,,,,Bot
Inapp,2026-03-19,,,,Bot
Webapp,2026-03-19,,,,Bot
Inapp,2026-03-19,,,,Bot
Inapp,2026-03-19,PM,Device Query,Display related,Human
Webapp,2026-03-19,,,,Bot
Webapp,2026-03-19,,,,Bot
Inapp,2026-03-19,,,,Bot
Inapp,2026-03-19,,,,Bot
Inapp,2026-03-19,,,,Bot
Inapp,2026-03-19,PM,Accessories,Purchase,Human
Inapp,2026-03-19,,,,Bot
Inapp,2026-03-19,,,,Bot
Inapp,2026-03-19,,,,Bot
Inapp,2026-03-19,,,,Bot
Inapp,2026-03-19,4g Mini,Connection,,Human
Webapp,2026-03-19,,,,Bot
Inapp,2026-03-19,,,,Bot
Inapp,2026-03-19,,,,Bot
Webapp,2026-03-19,,,,Bot
Inapp,2026-03-19,,,,Bot
Inapp,2026-03-19,,,,Bot
Webapp,2026-03-19,,,,Bot
Webapp,2026-03-19,PM,Subs Cancellation,,Human
Inapp,2026-03-19,,,,Bot
Webapp,2026-03-19,,,,Bot
Webapp,2026-03-19,,,,Bot
Webapp,2026-03-19,,,,Bot
Webapp,2026-03-19,PM,Replacment,,Human
Webapp,2026-03-19,4g Mini,Presales,Subs Inquiry,Human
Inapp,2026-03-19,,,,Bot
Inapp,2026-03-19,RV Mini Cam,App Navigation,Delete Clips,Human
Webapp,2026-03-19,,,,Bot
Inapp,2026-03-19,PM,DNR,,Human
Webapp,2026-03-19,,,,Bot
Webapp,2026-03-19,,,,Bot
Inapp,2026-03-19,,,,Bot
Inapp,2026-03-19,,,,Bot
Webapp,2026-03-19,,,,Bot
Webapp,2026-03-20,,,,Bot
Webapp,2026-03-20,PM,DNR,,Human
Webapp,2026-03-20,PM,Subs Activation,Discount Request,Human
Inapp,2026-03-20,RV Mini Cam,Device Query,Turn Off Device,Human
Inapp,2026-03-20,,,,Bot
Inapp,2026-03-20,,,,Bot
Webapp,2026-03-20,,,,Bot
Inapp,2026-03-20,,,,Bot
Webapp,2026-03-20,,,,Bot
Inapp,2026-03-20,,,,Bot
Inapp,2026-03-20,,,,Bot
Inapp,2026-03-20,,,,Bot
Inapp,2026-03-20,Waggel Insurance,NA,,Human
Webapp,2026-03-20,,,,Bot
Webapp,2026-03-20,,,,Bot
Inapp,2026-03-20,,,,Bot
Inapp,2026-03-20,RV Mini Cam,Connection,,Human
Webapp,2026-03-20,,,,Bot
Inapp,2026-03-20,PM,App Navigation,Temp Report,Human
Inapp,2026-03-20,,,,Bot
Inapp,2026-03-20,,,,Bot
Webapp,2026-03-20,,,,Bot
Webapp,2026-03-20,,,,Bot
Inapp,2026-03-20,,,,Bot
Webapp,2026-03-20,,,,Bot
Inapp,2026-03-20,,,,Bot
Webapp,2026-03-20,,,,Bot
Inapp,2026-03-20,RV Mini Cam,Connection,,Human
Inapp,2026-03-20,,,,Bot
Webapp,2026-03-20,,,,Bot
Inapp,2026-03-20,,,,Bot
Inapp,2026-03-20,,,,Bot
Inapp,2026-03-20,PM,DNR,,Human
Inapp,2026-03-20,,,,Bot
Webapp,2026-03-20,,,,Bot
Inapp,2026-03-20,,,,Bot
Webapp,2026-03-20,4g Mini,Subs Activation,,Human
Webapp,2026-03-20,,,,Bot
Inapp,2026-03-20,,,,Bot
Inapp,2026-03-20,PM,Geo Fence Issue,,Human
Inapp,2026-03-20,,,,Bot
Webapp,2026-03-20,,,,Bot
Webapp,2026-03-20,4g Mini,Presales,Color Request,Human
Inapp,2026-03-20,PM,Alerts not working,,Human
Inapp,2026-03-20,,,,Bot
Inapp,2026-03-20,,,,Bot
Inapp,2026-03-20,PM,Temp Difference,,Human
Inapp,2026-03-21,,,,Bot
Inapp,2026-03-21,,,,Bot
Webapp,2026-03-21,,,,Bot
Inapp,2026-03-21,,,,Bot
Webapp,2026-03-21,4G Camera,App Navigation,Flip,Human
Inapp,2026-03-21,Waggel Insurance,,,Human
Webapp,2026-03-21,,,,Bot
Webapp,2026-03-21,,,,Bot
Inapp,2026-03-21,PM,Registration,Query,Human
Inapp,2026-03-21,,,,Bot
Webapp,2026-03-21,4g Mini,Presales,Network Carrier,Human
Inapp,2026-03-21,,,,Bot
Inapp,2026-03-21,,,,Bot
Inapp,2026-03-21,,,,Bot
Inapp,2026-03-21,,,,Bot
Inapp,2026-03-21,,,,Bot
Webapp,2026-03-21,,,,Bot
Webapp,2026-03-21,,,,Bot
Inapp,2026-03-21,,,,Bot
Inapp,2026-03-21,,,,Bot
Inapp,2026-03-21,,,,Bot
Inapp,2026-03-21,,,,Bot
Webapp,2026-03-21,PM,Subs Activation,Flexi Plan Query,Human
Inapp,2026-03-21,,,,Bot
Inapp,2026-03-21,RV Mini Cam,Connection,,Human
Inapp,2026-03-21,,,,Bot
Webapp,2026-03-21,,,,Bot
Webapp,2026-03-21,PM,Presales,Network Carrier,Human
Inapp,2026-03-21,RV Mini Cam,App Navigation,Flip,Human
Webapp,2026-03-21,,,,Bot
Inapp,2026-03-21,,,,Bot
Inapp,2026-03-21,,,,Bot
Inapp,2026-03-21,PM,App Issue,Device Selection,Human
Inapp,2026-03-21,,,,Bot
Inapp,2026-03-21,,,,Bot
Inapp,2026-03-21,,,,Bot
Inapp,2026-03-21,,,,Bot
Webapp,2026-03-21,,,,Bot
Webapp,2026-03-21,,,,Bot
Webapp,2026-03-21,,,,Bot
Inapp,2026-03-21,,,,Bot
Webapp,2026-03-21,,,,Bot
Inapp,2026-03-21,,,,Bot
Inapp,2026-03-21,,,,Bot
Webapp,2026-03-21,,,,Bot
Inapp,2026-03-21,,,,Bot
Inapp,2026-03-21,PM,App Navigation,Temp threshold,Human
Webapp,2026-03-21,,,,Bot
Webapp,2026-03-21,,,,Bot
Inapp,2026-03-21,,,,Bot
Inapp,2026-03-21,4g Mini,Subs Cancellation,,Human
Inapp,2026-03-22,,,,Bot
Webapp,2026-03-22,4g Mini,Subs Cancellation,,Human
Inapp,2026-03-22,4g Mini,App Issue,Loading,Human
Webapp,2026-03-22,,,,Bot
Inapp,2026-03-22,4g Mini,App Navigation,Erase Videos,Human
Inapp,2026-03-22,,,,Bot
Webapp,2026-03-22,,,,Bot
Webapp,2026-03-22,,,,Bot
Inapp,2026-03-22,,,,Bot
Inapp,2026-03-22,4g Mini,Subs Activation,Discount Request,Human
Inapp,2026-03-22,4g Mini,Connection,,Human
Inapp,2026-03-22,,,,Bot
Webapp,2026-03-22,,,,Bot
Inapp,2026-03-22,,,,Bot
Inapp,2026-03-22,PM,AQI,Alerts related,Human
Inapp,2026-03-22,,,,Bot
Inapp,2026-03-22,,,,Bot
Inapp,2026-03-22,PM,DNR,,Human
Webapp,2026-03-22,PM,Order Related,Delivery Issue,Human
Inapp,2026-03-22,,,,Bot
Webapp,2026-03-22,PM,Presales,Subs Inquiry,Human
Webapp,2026-03-22,,,,Bot
Inapp,2026-03-22,4g Mini,Hardware Damage,,Human
Inapp,2026-03-22,,,,Bot
Webapp,2026-03-22,,,,Bot
Inapp,2026-03-22,PM,DNR,,Human
Webapp,2026-03-22,,,,Bot
Webapp,2026-03-22,,,,Bot
Webapp,2026-03-22,RV Mini Cam,Presales,Purchase link,Human
Inapp,2026-03-22,,,,Bot
Webapp,2026-03-22,,,,Bot
Inapp,2026-03-22,,,,Bot
Inapp,2026-03-22,,,,Bot
Inapp,2026-03-22,,,,Bot
Inapp,2026-03-22,PM,App Navigation,Pet Profile,Human
Inapp,2026-03-22,,,,Bot
Inapp,2026-03-22,,,,Bot
Inapp,2026-03-22,,,,Bot
Inapp,2026-03-22,,,,Bot
Inapp,2026-03-22,,,,Bot
Webapp,2026-03-22,,,,Bot
Inapp,2026-03-22,,,,Bot
Inapp,2026-03-22,,,,Bot
Inapp,2026-03-23,,,,Bot
Inapp,2026-03-23,4g Mini,Connection,Streaming,Human
Webapp,2026-03-23,,,,Bot
Inapp,2026-03-23,,,,Bot
Webapp,2026-03-23,PM,Presales,Subs Inquiry,Human
Webapp,2026-03-23,PM,Replacment,Shipping,Human
Inapp,2026-03-23,,,,Bot
Inapp,2026-03-23,,,,Bot
Inapp,2026-03-23,,,,Bot
Inapp,2026-03-23,,,,Bot
Inapp,2026-03-23,,,,Bot
Webapp,2026-03-23,,,,Bot
Webapp,2026-03-23,PM,Subs Activation,Combo plan,Human
Inapp,2026-03-23,,,,Bot
Inapp,2026-03-23,,,,Bot
Inapp,2026-03-23,,,,Bot
Inapp,2026-03-23,,,,Bot
Webapp,2026-03-23,,,,Bot
Inapp,2026-03-23,,,,Bot
Webapp,2026-03-23,,,,Bot
Inapp,2026-03-23,,,,Bot
Webapp,2026-03-23,,,,Bot
Inapp,2026-03-23,PM,DNR,,Human
Webapp,2026-03-23,,,,Bot
Inapp,2026-03-23,PM,Temp Difference,,Human
Webapp,2026-03-23,,,,Bot
Inapp,2026-03-23,,,,Bot
Webapp,2026-03-23,,,,Bot
Inapp,2026-03-23,,,,Bot
Webapp,2026-03-23,,,,Bot
Webapp,2026-03-23,PM,Alerts not working,,Human
Inapp,2026-03-23,,,,Bot
Webapp,2026-03-23,,,,Bot
Webapp,2026-03-23,,,,Bot
Webapp,2026-03-23,,,,Bot
Webapp,2026-03-23,,,,Bot
Inapp,2026-03-23,,,,Bot
Inapp,2026-03-23,,,,Bot
Webapp,2026-03-23,,,,Bot
Inapp,2026-03-23,,,,Bot
Webapp,2026-03-23,,,,Bot
Webapp,2026-03-23,,,,Bot
Webapp,2026-03-23,,,,Bot
Webapp,2026-03-23,,,,Bot
Inapp,2026-03-23,,,,Bot
Webapp,2026-03-23,PM,Presales,Discount Request,Human
Inapp,2026-03-23,,,,Bot
Webapp,2026-03-23,4g Mini,Subs Activation,Combo plan,Human
Inapp,2026-03-23,,,,Bot
Inapp,2026-03-23,,,,Bot
Webapp,2026-03-23,,,,Bot
Inapp,2026-03-23,,,,Bot
Webapp,2026-03-23,,,,Bot
Webapp,2026-03-23,,,,Bot
Inapp,2026-03-23,,,,Bot
Inapp,2026-03-23,,,,Bot
Inapp,2026-03-23,,,,Bot
Inapp,2026-03-23,,,,Bot
Inapp,2026-03-23,,,,Bot
Webapp,2026-03-23,,,,Bot
Inapp,2026-03-23,PM,DNR,,Human
Webapp,2026-03-23,PM,DNR,,Human
Inapp,2026-03-23,PM,Not Charging,,Human
Inapp,2026-03-23,,,,Bot
Inapp,2026-03-23,,,,Bot